PostID,AirDate,PostDate
1,2016-01-18,2016-01-19
2,2016-01-19,2016-01-20
3,2016-01-20,2016-01-21
4,2016-01-21,2016-01-21
5,2016-01-25,2016-01-26
6,2016-01-26,2016-01-27
7,2016-01-27,2016-01-28
8,2016-01-28,2016-01-29
9,2016-01-29,2016-01-29
10,2016-02-01,2016-02-02
11,2016-02-02,2016-02-03
12,2016-02-03,2016-02-04
13,2016-02-04,2016-02-05
14,2016-02-05,2016-02-06
15,2016-02-08,2016-02-09
16,2016-02-09,2016-02-09
17,2016-02-10,2016-02-11
18,2016-02-11,2016-02-12
19,2016-02-12,2016-02-13
20,2016-02-15,2016-02-16
21,2016-02-16,2016-02-17
22,2016-02-17,2016-02-18
23,2016-02-18,2016-02-19
24,2016-02-19,2016-02-19
25,2016-02-22,2016-02-22
26,2016-02-23,2016-02-24
27,2016-02-24,2016-02-25
28,2016-04-18,2016-04-18
29,2016-04-19,2016-04-19
30,2016-04-20,2016-04-20
31,2016-04-21,2016-04-21
32,2016-04-25,2016-04-25
33,2016-04-26,2016-04-26
34,2016-04-27,2016-04-28
35,2016-04-28,2016-04-28
36,2016-04-29,2016-04-29
37,2016-05-02,2016-05-02
38,2016-05-03,2016-05-03
39,2016-05-04,2016-05-04
40,2016-05-05,2016-05-05
41,2016-05-06,2016-05-06
42,2016-05-09,2016-05-09
43,2016-05-10,2016-05-10
44,2016-05-11,2016-05-11
45,2016-05-12,2016-05-12
46,2016-05-13,2016-05-14
47,2016-05-16,2016-05-16
48,2016-05-17,2016-05-17
49,2016-05-18,2016-05-18
50,2016-05-19,2016-05-20
51,2016-05-20,2016-05-20
52,2016-05-23,2016-05-23
53,2016-05-24,2016-05-24
54,2016-05-25,2016-05-25
55,2016-05-26,2016-05-26
56,2016-06-26,2016-06-27
57,2016-07-03,2016-07-04
58,2016-07-10,2016-07-11
59,2016-07-17,2016-07-18
60,2016-07-24,2016-07-25
61,2016-07-31,2016-08-01
62,2016-08-14,2016-08-15
63,2016-08-21,2016-08-22
64,2016-08-28,2016-08-29
65,2016-09-11,2016-09-12
66,2016-09-12,2016-09-12
67,2016-09-13,2016-09-13
68,2016-09-14,2016-09-14
69,2016-09-15,2016-09-15
70,2016-09-16,2016-09-16
71,2016-09-19,2016-09-19
72,2016-09-20,2016-09-20
73,2016-09-21,2016-09-21
74,2016-09-22,2016-09-22
75,2016-09-23,2016-09-23
76,2016-09-26,2016-09-26
77,2016-09-27,2016-09-27
78,2016-09-28,2016-09-28
79,2016-09-29,2016-09-29
80,2016-10-03,2016-10-03
81,2016-10-04,2016-10-04
82,2016-10-05,2016-10-05
83,2016-10-06,2016-10-06
84,2016-10-10,2016-10-10
85,2016-10-11,2016-10-11
86,2016-10-12,2016-10-13
87,2016-10-13,2016-10-13
88,2016-10-17,2016-10-17
89,2016-10-18,2016-10-18
90,2016-10-19,2016-10-19
91,2016-10-20,2016-10-20
92,2016-10-24,2016-10-24
93,2016-10-25,2016-10-25
94,2016-10-26,2016-10-26
95,2016-10-27,2016-10-27
96,2016-10-28,2016-10-28
97,2016-10-31,2016-10-31
98,2016-11-01,2016-11-01
99,2016-11-02,2016-11-02
100,2016-11-03,2016-11-03
101,2016-11-04,2016-11-04
102,2016-11-07,2016-11-07
103,2016-11-08,2016-11-09
104,2016-11-09,2016-11-10
105,2016-11-10,2016-11-11
106,2016-11-11,2016-11-12
107,2016-11-14,2016-11-15
108,2016-11-15,2016-11-16
109,2016-11-16,2016-11-16
110,2016-11-17,2016-11-18
111,2016-11-18,2016-11-19
112,2016-11-21,2016-11-22
113,2016-11-22,2016-11-22
114,2016-11-23,2016-11-23
115,2017-01-16,2017-01-16
116,2017-01-17,2017-01-18
117,2017-01-18,2017-01-18
118,2017-01-19,2017-01-19
119,2017-01-23,2017-01-23
120,2017-01-24,2017-01-25
121,2017-01-25,2017-01-26
122,2017-01-26,2017-01-27
123,2017-01-27,2017-01-27
124,2017-01-30,2017-01-30
125,2017-01-31,2017-02-01
126,2017-02-01,2017-02-01
127,2017-02-02,2017-02-02
128,2017-02-03,2017-02-03
129,2017-02-06,2017-02-06
130,2017-02-07,2017-02-08
131,2017-02-08,2017-02-08
132,2017-02-09,2017-02-09
133,2017-02-10,2017-02-11
134,2017-02-13,2017-02-13
135,2017-02-14,2017-02-15
136,2017-02-15,2017-02-15
137,2017-02-16,2017-02-17
138,2017-02-17,2017-02-18
139,2017-02-20,2017-02-20
140,2017-02-21,2017-02-22
141,2017-02-22,2017-02-22
142,2011-11-23,2017-03-10
143,2011-11-25,2017-03-11
144,2012-05-02,2017-03-11
145,2012-05-03,2017-03-11
146,2012-11-22,2017-03-11
147,2012-11-23,2017-03-11
148,2013-02-21,2017-03-11
149,2013-02-22,2017-03-12
150,2013-02-25,2017-03-12
151,2013-02-26,2017-03-12
152,2013-02-08,2017-03-12
153,2012-09-11,2017-03-12
154,2013-02-11,2017-03-12
155,2013-01-28,2017-03-13
156,2013-01-29,2017-03-13
157,2013-01-30,2017-03-13
158,2012-05-04,2017-03-14
159,2012-05-07,2017-03-14
160,2012-05-08,2017-03-15
161,2012-05-09,2017-03-15
162,2012-05-10,2017-03-16
163,2012-05-11,2017-03-16
164,2012-02-22,2017-03-17
165,2012-02-23,2017-03-17
166,2012-02-24,2017-03-18
167,2012-02-27,2017-03-18
168,2011-11-18,2017-03-18
169,2012-02-20,2017-03-18
170,2013-04-23,2017-03-18
171,2013-04-24,2017-03-18
172,2013-04-25,2017-03-18
173,2013-04-26,2017-03-18
174,2013-04-29,2017-03-18
175,2013-04-30,2017-03-18
176,2013-05-01,2017-03-19
177,2013-05-02,2017-03-19
178,2012-09-19,2017-03-19
179,2012-09-20,2017-03-19
180,2012-09-21,2017-03-19
181,2012-09-24,2017-03-19
182,2013-05-03,2017-03-20
183,2013-05-06,2017-03-20
184,2013-05-07,2017-03-20
185,2012-02-28,2017-03-21
186,2012-02-27,2017-03-21
187,2012-11-12,2017-03-21
188,2012-02-28,2017-03-22
189,2012-03-01,2017-03-22
190,2011-10-10,2017-03-22
191,2011-10-11,2017-03-22
192,2012-11-13,2017-03-22
193,2012-11-14,2017-03-22
194,2012-11-15,2017-03-22
195,2012-11-16,2017-03-22
196,2012-03-02,2017-03-23
197,2012-03-03,2017-03-23
198,2012-05-14,2017-03-24
199,2012-05-15,2017-03-24
200,2011-10-12,2017-03-24
201,2010-09-13,2017-03-24
202,2011-10-13,2017-03-25
203,2012-05-16,2017-03-25
204,2012-05-17,2017-03-25
205,2011-10-14,2017-03-25
206,2012-05-18,2017-03-25
207,2014-09-15,2017-03-25
208,2014-09-16,2017-03-25
209,2013-05-08,2017-03-26
210,2013-05-09,2017-03-26
211,2013-05-10,2017-03-26
212,2013-05-15,2017-03-26
213,2013-05-16,2017-03-26
214,2013-05-17,2017-03-26
215,2013-05-20,2017-03-26
216,2010-09-14,2017-03-26
217,2013-05-21,2017-03-27
218,2013-05-22,2017-03-27
219,2011-02-07,2017-03-27
220,2011-02-08,2017-03-27
221,2013-02-04,2017-03-28
222,2013-02-05,2017-03-28
223,2011-02-24,2017-03-28
224,2011-02-25,2017-03-28
225,2011-04-25,2017-03-29
226,2013-02-06,2017-03-29
227,2011-02-09,2017-03-29
228,2011-02-10,2017-03-29
229,2011-02-11,2017-03-29
230,2011-05-16,2017-03-29
231,2013-02-07,2017-03-30
232,2011-04-28,2017-03-30
233,2011-04-29,2017-03-30
234,2012-09-28,2017-03-30
235,2012-10-01,2017-03-30
236,2012-10-02,2017-03-30
237,2012-10-03,2017-03-30
238,2011-05-17,2017-03-31
239,2011-05-18,2017-03-31
240,2013-05-23,2017-03-31
241,2013-05-24,2017-03-31
242,2011-05-19,2017-03-31
243,2011-05-20,2017-03-31
244,2010-10-11,2017-04-01
245,2010-10-12,2017-04-01
246,2011-03-03,2017-04-01
247,2011-04-27,2017-04-01
248,2013-02-15,2017-04-01
249,2013-02-18,2017-04-01
250,2013-02-19,2017-04-02
251,2013-02-20,2017-04-02
252,2012-09-10,2017-04-02
253,2012-09-12,2017-04-02
254,2012-09-13,2017-04-02
255,2012-10-19,2017-04-02
256,2012-10-09,2017-04-03
257,2012-10-10,2017-04-03
258,2012-10-11,2017-04-03
259,2012-10-12,2017-04-03
260,2012-10-15,2017-04-03
261,2012-10-16,2017-04-03
262,2012-10-17,2017-04-03
263,2011-02-28,2017-04-03
264,2011-03-01,2017-04-03
265,2010-10-13,2017-04-04
266,2011-02-15,2017-04-04
267,2012-05-01,2017-04-04
268,2012-10-18,2017-04-04
269,2011-02-16,2017-04-05
270,2011-02-21,2017-04-05
271,2011-02-22,2017-04-05
272,2011-02-17,2017-04-05
273,2011-02-23,2017-04-05
274,2010-10-08,2017-04-05
275,2010-10-14,2017-04-06
276,2010-10-15,2017-04-06
277,2010-10-18,2017-04-06
278,2010-10-19,2017-04-06
279,2010-10-20,2017-04-06
280,2010-10-21,2017-04-07
281,2010-10-22,2017-04-07
282,2010-09-15,2017-04-07
283,2010-09-16,2017-04-07
284,2010-10-25,2017-04-08
285,2012-09-14,2017-04-08
286,2012-09-17,2017-04-08
287,2012-09-18,2017-04-08
288,2012-09-25,2017-04-09
289,2012-09-26,2017-04-09
290,2012-09-27,2017-04-09
291,2012-10-30,2017-04-09
292,2012-10-31,2017-04-10
293,2012-11-01,2017-04-10
294,2012-11-02,2017-04-10
295,2010-09-17,2017-04-10
296,2010-09-20,2017-04-10
297,2010-10-26,2017-04-11
298,2010-10-27,2017-04-11
299,2010-10-28,2017-04-11
300,2010-09-21,2017-04-11
301,2010-09-22,2017-04-11
302,2010-10-29,2017-04-12
303,2010-11-15,2017-04-12
304,2010-09-23,2017-04-12
305,2010-11-16,2017-04-13
306,2010-11-17,2017-04-13
307,2010-11-18,2017-04-14
308,2010-11-08,2017-04-14
309,2010-11-09,2017-04-15
310,2010-11-10,2017-04-15
311,2012-10-04,2017-04-15
312,2012-10-05,2017-04-15
313,2012-10-08,2017-04-16
314,2013-02-08,2017-04-16
315,2013-02-11,2017-04-16
316,2013-02-12,2017-04-16
317,2013-02-13,2017-04-16
318,2013-02-14,2017-04-16
319,2013-09-16,2017-04-17
320,2013-09-17,2017-04-17
321,2013-09-18,2017-04-17
322,2017-04-17,2017-04-17
323,2010-11-11,2017-04-18
324,2010-11-12,2017-04-18
325,2017-04-18,2017-04-18
326,2010-11-19,2017-04-19
327,2013-01-09,2017-04-19
328,2017-04-19,2017-04-19
329,2010-11-01,2017-04-20
330,2011-05-23,2017-04-20
331,2011-05-24,2017-04-20
332,2011-05-25,2017-04-20
333,2017-04-20,2017-04-20
334,2011-05-26,2017-04-21
335,2011-05-27,2017-04-21
336,2011-02-18,2017-04-21
337,2011-05-02,2017-04-21
338,2012-10-22,2017-04-21
339,2011-05-03,2017-04-21
340,2011-05-04,2017-04-21
341,2012-10-25,2017-04-23
342,2012-10-26,2017-04-23
343,2012-10-29,2017-04-23
344,2012-11-05,2017-04-23
345,2012-11-06,2017-04-23
346,2013-09-19,2017-04-24
347,2013-09-25,2017-04-24
348,2013-09-26,2017-04-24
349,2013-09-30,2017-04-24
350,2017-04-24,2017-04-24
351,2013-10-01,2017-04-25
352,2013-10-02,2017-04-25
353,2013-11-25,2017-04-25
354,2010-09-24,2017-04-25
355,2010-09-27,2017-04-25
356,2017-04-25,2017-04-25
357,2012-10-23,2017-04-26
358,2012-10-24,2017-04-26
359,2017-04-26,2017-04-26
360,2010-09-28,2017-04-27
361,2010-09-29,2017-04-27
362,2010-09-30,2017-04-27
363,2017-04-27,2017-04-27
364,2011-03-02,2017-04-28
365,2017-04-28,2017-04-28
366,2012-11-07,2017-04-30
367,2012-11-08,2017-04-30
368,2012-11-09,2017-04-30
369,2012-11-19,2017-04-30
370,2012-11-20,2017-04-30
371,2011-03-04,2017-05-01
372,2013-09-20,2017-05-01
373,2017-05-01,2017-05-01
374,2010-10-01,2017-05-02
375,2013-09-23,2017-05-02
376,2013-10-03,2017-05-02
377,2013-10-07,2017-05-02
378,2013-10-08,2017-05-02
379,2017-05-02,2017-05-02
380,2011-02-14,2017-05-03
381,2010-10-04,2017-05-03
382,2010-10-05,2017-05-03
383,2010-10-06,2017-05-03
384,2010-10-07,2017-05-03
385,2013-02-01,2017-05-03
386,2017-05-03,2017-05-04
387,2017-05-04,2017-05-04
388,2017-05-05,2017-05-05
389,2013-09-24,2017-05-07
390,2013-01-31,2017-05-07
391,2013-10-14,2017-05-07
392,2013-10-09,2017-05-07
393,2013-10-10,2017-05-08
394,2013-10-15,2017-05-08
395,2013-10-16,2017-05-08
396,2013-02-27,2017-05-08
397,2013-02-28,2017-05-08
398,2013-03-01,2017-05-08
399,2017-05-08,2017-05-08
400,2013-10-17,2017-05-09
401,2013-10-21,2017-05-09
402,2017-05-09,2017-05-09
403,2013-04-22,2017-05-10
404,2013-02-21,2017-05-10
405,2017-05-10,2017-05-10
406,2013-02-22,2017-05-11
407,2013-05-13,2017-05-11
408,2014-05-16,2017-05-11
409,2014-05-19,2017-05-11
410,2017-05-11,2017-05-11
411,2013-10-22,2017-05-12
412,2013-10-23,2017-05-12
413,2013-05-14,2017-05-12
414,2013-10-24,2017-05-12
415,2013-10-28,2017-05-12
416,2014-02-24,2017-05-12
417,2017-05-12,2017-05-12
418,2014-10-30,2017-05-13
419,2014-10-31,2017-05-13
420,2015-05-01,2017-05-13
421,2015-05-04,2017-05-14
422,2014-02-25,2017-05-15
423,2013-10-29,2017-05-15
424,2013-10-30,2017-05-15
425,2017-05-15,2017-05-15
426,2015-05-06,2017-05-16
427,2015-05-07,2017-05-16
428,2015-05-08,2017-05-16
429,2015-05-11,2017-05-16
430,2013-10-31,2017-05-16
431,2013-11-01,2017-05-16
432,2014-05-08,2017-05-16
433,2014-05-09,2017-05-16
434,2017-05-16,2017-05-16
435,2014-11-03,2017-05-17
436,2014-11-04,2017-05-17
437,2014-11-05,2017-05-17
438,2014-05-12,2017-05-17
439,2014-05-13,2017-05-17
440,2015-04-20,2017-05-17
441,2015-04-21,2017-05-17
442,2017-05-17,2017-05-17
443,2015-05-18,2017-05-18
444,2014-05-14,2017-05-18
445,2014-05-15,2017-05-18
446,2014-11-06,2017-05-18
447,2014-11-07,2017-05-18
448,2015-04-22,2017-05-18
449,2015-04-23,2017-05-18
450,2017-05-18,2017-05-18
451,2015-04-24,2017-05-19
452,2014-11-10,2017-05-19
453,2015-05-19,2017-05-19
454,2015-05-13,2017-05-19
455,2017-05-19,2017-05-19
456,2015-05-14,2017-05-20
457,2012-11-21,2017-05-20
458,2014-09-17,2017-05-20
459,2014-11-11,2017-05-20
460,2014-11-12,2017-05-20
461,2014-11-13,2017-05-20
462,2014-11-14,2017-05-20
463,2015-05-20,2017-05-20
464,2015-04-27,2017-05-20
465,2015-04-28,2017-05-20
466,2015-04-29,2017-05-20
467,2013-11-07,2017-05-21
468,2014-02-13,2017-05-21
469,2014-02-14,2017-05-21
470,2014-02-17,2017-05-21
471,2014-02-18,2017-05-21
472,2014-01-29,2017-05-21
473,2014-01-30,2017-05-21
474,2014-02-03,2017-05-21
475,2014-02-04,2017-05-21
476,2013-11-04,2017-05-22
477,2013-11-05,2017-05-22
478,2013-11-06,2017-05-22
479,2014-02-05,2017-05-22
480,2014-02-06,2017-05-22
481,2017-05-22,2017-05-22
482,2014-02-10,2017-05-23
483,2014-02-11,2017-05-23
484,2014-11-17,2017-05-23
485,2014-02-12,2017-05-23
486,2014-09-24,2017-05-23
487,2014-02-19,2017-05-23
488,2017-05-23,2017-05-23
489,2014-09-29,2017-05-24
490,2014-11-18,2017-05-24
491,2017-05-24,2017-05-24
492,2017-05-31,2017-05-25
493,2014-09-30,2017-05-25
494,2014-10-01,2017-05-25
495,2014-11-19,2017-05-25
496,2014-04-28,2017-05-25
497,2013-11-08,2017-05-25
498,2013-11-11,2017-05-25
499,2013-11-12,2017-05-25
500,2014-04-29,2017-05-25
501,2014-04-30,2017-05-25
502,2014-05-01,2017-05-26
503,2014-09-18,2017-05-26
504,2014-11-20,2017-05-26
505,2014-11-21,2017-05-26
506,2014-11-24,2017-05-26
507,2014-05-02,2017-05-26
508,2014-05-05,2017-05-26
509,2014-11-25,2017-05-27
510,2014-10-06,2017-05-27
511,2015-05-12,2017-05-28
512,2014-10-07,2017-05-28
513,2014-10-08,2017-05-28
514,2014-10-09,2017-05-28
515,2015-01-28,2017-05-28
516,2015-01-29,2017-05-28
517,2014-02-20,2017-05-28
518,2014-02-21,2017-05-28
519,2014-04-21,2017-05-28
520,2014-04-22,2017-05-28
521,2014-04-23,2017-05-28
522,2014-04-24,2017-05-28
523,2013-11-13,2017-05-29
524,2013-11-14,2017-05-29
525,2014-02-26,2017-05-29
526,2015-01-30,2017-05-29
527,2015-02-02,2017-05-29
528,2014-04-25,2017-05-30
529,2015-02-03,2017-05-30
530,2015-02-04,2017-05-30
531,2014-11-26,2017-05-30
532,2015-01-26,2017-05-30
533,2014-10-13,2017-05-31
534,2014-10-14,2017-05-31
535,2014-01-31,2017-05-31
536,2014-10-15,2017-05-31
537,2014-10-16,2017-05-31
538,2015-02-05,2017-06-01
539,2015-02-06,2017-06-01
540,2015-01-27,2017-06-01
541,2015-02-09,2017-06-01
542,2015-02-10,2017-06-01
543,2013-11-26,2017-06-02
544,2013-11-27,2017-06-02
545,2015-02-11,2017-06-02
546,2015-02-12,2017-06-02
547,2015-02-13,2017-06-03
548,2014-10-20,2017-06-03
549,2014-10-21,2017-06-03
550,2014-10-22,2017-06-03
551,2014-10-23,2017-06-03
552,2011-05-06,2017-06-03
553,2011-04-26,2017-06-03
554,2013-11-15,2017-06-04
555,2013-11-18,2017-06-04
556,2013-11-19,2017-06-04
557,2014-05-21,2017-06-05
558,2013-11-20,2017-06-05
559,2013-11-21,2017-06-05
560,2013-11-22,2017-06-05
561,2010-11-22,2017-06-06
562,2015-02-18,2017-06-06
563,2014-10-29,2017-06-06
564,2014-02-07,2017-06-07
565,2014-09-25,2017-06-07
566,2014-10-02,2017-06-07
567,2015-02-24,2017-06-08
568,2010-11-02,2017-06-09
569,2010-11-23,2017-06-09
570,2010-11-24,2017-06-09
571,2014-09-22,2017-06-10
572,2015-02-16,2017-06-10
573,2015-02-17,2017-06-10
574,2010-11-25,2017-06-11
575,2017-06-11,2017-06-12
576,2010-11-26,2017-06-12
577,2015-02-23,2017-06-13
578,2013-01-10,2017-06-14
579,2013-01-11,2017-06-14
580,2010-11-03,2017-06-15
581,2010-11-04,2017-06-15
582,2010-11-05,2017-06-15
583,2015-04-30,2017-06-16
584,2015-02-25,2017-06-16
585,2015-05-05,2017-06-17
586,2014-01-27,2017-06-18
587,2017-06-18,2017-06-19
588,2015-11-24,2017-06-20
589,2015-11-25,2017-06-21
590,2015-02-20,2017-06-22
591,2015-05-15,2017-06-23
592,2014-09-19,2017-06-23
593,2014-09-23,2017-06-24
594,2011-05-09,2017-06-24
595,2011-05-10,2017-06-24
596,2011-05-11,2017-06-25
597,2011-05-12,2017-06-25
598,2011-05-13,2017-06-25
599,2017-06-25,2017-06-26
600,2014-05-06,2017-06-26
601,2014-05-07,2017-06-26
602,2014-10-27,2017-06-27
603,2014-10-28,2017-06-28
604,2014-05-20,2017-07-03
605,2015-02-19,2017-07-07
606,2012-12-31,2017-07-07
607,2013-01-01,2017-07-07
608,2013-01-02,2017-07-07
609,2013-01-03,2017-07-07
610,2013-01-04,2017-07-07
611,2013-01-07,2017-07-07
612,2013-01-08,2017-07-07
613,2017-07-09,2017-07-10
614,2014-01-28,2017-07-10
615,2011-05-05,2017-07-16
616,2017-07-16,2017-07-17
617,2017-07-23,2017-07-24
618,2015-06-21,2017-07-29
619,2017-08-06,2017-08-07
620,2017-08-27,2017-08-28
621,2015-09-21,2017-09-11
622,2017-09-11,2017-09-11
623,2015-09-22,2017-09-12
624,2017-09-12,2017-09-12
625,2015-09-23,2017-09-13
626,2017-09-13,2017-09-13
627,2015-09-24,2017-09-14
628,2017-09-14,2017-09-14
629,2015-09-25,2017-09-15
630,2017-09-15,2017-09-15
631,2015-09-28,2017-09-18
632,2017-09-18,2017-09-18
633,2015-09-29,2017-09-19
634,2017-09-19,2017-09-20
635,2015-09-30,2017-09-20
636,2017-09-20,2017-09-21
637,2015-10-01,2017-09-21
638,2017-09-21,2017-09-21
639,2015-10-05,2017-09-22
640,2017-09-22,2017-09-22
641,2017-09-24,2017-09-25
642,2015-10-06,2017-09-25
643,2017-09-25,2017-09-25
644,2015-10-07,2017-09-26
645,2017-09-26,2017-09-26
646,2017-09-26,2017-09-27
647,2015-10-08,2017-09-27
648,2017-09-27,2017-09-27
649,2015-10-12,2017-09-28
650,2017-09-28,2017-09-29
651,2015-10-13,2017-09-29
652,2015-10-14,2017-10-02
653,2017-10-02,2017-10-02
654,2015-09-14,2017-10-03
655,2015-09-15,2017-10-03
656,2015-10-15,2017-10-03
657,2017-10-03,2017-10-03
658,2015-09-16,2017-10-04
659,2015-09-17,2017-10-04
660,2015-10-19,2017-10-04
661,2017-10-04,2017-10-04
662,2015-09-18,2017-10-05
663,2015-10-20,2017-10-05
664,2017-10-05,2017-10-05
665,2015-10-21,2017-10-06
666,2015-10-22,2017-10-09
667,2017-10-09,2017-10-09
668,2015-10-26,2017-10-10
669,2017-10-10,2017-10-10
670,2015-10-27,2017-10-11
671,2017-10-11,2017-10-11
672,2015-10-28,2017-10-12
673,2017-10-12,2017-10-12
674,2015-10-29,2017-10-13
675,2015-10-30,2017-10-16
676,2017-10-16,2017-10-16
677,2015-11-02,2017-10-17
678,2017-10-17,2017-10-17
679,2015-11-03,2017-10-18
680,2017-10-18,2017-10-18
681,2015-11-04,2017-10-19
682,2017-10-19,2017-10-19
683,2015-11-05,2017-10-20
684,2015-11-06,2017-10-23
685,2017-10-23,2017-10-23
686,2017-10-24,2017-10-24
687,2017-10-25,2017-10-25
688,2017-10-26,2017-10-26
689,2015-11-09,2017-10-27
690,2015-11-10,2017-10-27
691,2017-10-27,2017-10-28
692,2015-11-11,2017-10-28
693,2015-11-12,2017-10-28
694,2017-10-30,2017-10-30
695,2015-11-13,2017-10-31
696,2015-11-16,2017-10-31
697,2017-10-31,2017-10-31
698,2015-11-17,2017-11-01
699,2015-11-18,2017-11-01
700,2017-11-01,2017-11-01
701,2015-11-19,2017-11-02
702,2015-11-20,2017-11-02
703,2017-11-02,2017-11-02
704,2015-11-23,2017-11-03
705,2017-11-03,2017-11-03
706,2017-11-06,2017-11-06
707,2017-11-07,2017-11-08
708,2017-11-08,2017-11-09
709,2017-11-09,2017-11-10
710,2017-11-10,2017-11-10
711,2017-11-13,2017-11-13
712,2017-11-14,2017-11-15
713,2017-11-15,2017-11-16
714,2017-11-16,2017-11-17
715,2017-11-17,2017-11-18
716,2017-11-20,2017-11-20
717,2017-11-21,2017-11-22
718,2017-11-22,2017-11-22
719,2018-01-22,2018-01-22
720,2018-01-23,2018-01-23
721,2018-01-24,2018-01-24
722,2018-01-25,2018-01-25
723,2018-01-29,2018-01-30
724,2018-01-30,2018-01-30
725,2018-01-31,2018-02-01
726,2018-02-01,2018-02-01
727,2018-02-02,2018-02-03
728,2018-02-05,2018-02-05
729,2018-02-06,2018-02-07
730,2018-02-07,2018-02-08
731,2018-02-08,2018-02-08
732,2018-02-09,2018-02-10
733,2018-02-12,2018-02-12
734,2018-02-13,2018-02-14
735,2018-02-14,2018-02-15
736,2018-02-15,2018-02-16
737,2018-02-16,2018-02-16
738,2018-02-19,2018-02-20
739,2018-02-20,2018-02-20
740,2018-02-21,2018-02-21
741,2018-02-22,2018-02-22
742,2018-02-23,2018-02-23
743,2018-02-26,2018-02-26
744,2018-02-27,2018-02-27
745,2018-02-28,2018-03-01
746,2018-04-16,2018-04-16
747,2018-04-17,2018-04-17
748,2018-04-18,2018-04-18
749,2018-04-19,2018-04-19
750,2018-04-23,2018-04-23
751,2018-04-24,2018-04-24
752,2018-04-25,2018-04-25
753,2018-04-26,2018-04-26
754,2018-04-27,2018-04-27
755,2018-04-30,2018-04-30
756,2018-05-01,2018-05-01
757,2018-05-02,2018-05-02
758,2018-05-03,2018-05-03
759,2018-05-04,2018-05-04
760,2018-05-07,2018-05-07
761,2018-05-08,2018-05-08
762,2018-05-09,2018-05-10
763,2018-05-10,2018-05-10
764,2018-05-11,2018-05-11
765,2018-05-14,2018-05-14
766,2018-05-15,2018-05-16
767,2018-05-16,2018-05-16
768,2018-05-17,2018-05-17
769,2018-05-18,2018-05-18
770,2018-05-21,2018-05-21
771,2018-05-22,2018-05-22
772,2018-05-23,2018-05-23
773,2018-06-10,2018-06-11
774,2018-06-17,2018-06-18
775,2018-06-24,2018-06-25
776,2018-07-08,2018-07-09
777,2018-07-15,2018-07-16
778,2018-07-22,2018-07-23
779,2018-08-05,2018-08-06
780,2018-08-12,2018-08-13
781,2018-08-26,2018-08-27
782,2018-09-10,2018-09-10
783,2018-09-11,2018-09-12
784,2018-09-12,2018-09-12
785,2018-09-13,2018-09-13
786,2018-09-14,2018-09-14
787,2018-09-16,2018-09-17
788,2018-09-17,2018-09-18
789,2018-09-18,2018-09-18
790,2018-09-19,2018-09-19
791,2018-09-20,2018-09-20
792,2018-09-21,2018-09-22
793,2018-09-23,2018-09-24
794,2018-09-24,2018-09-24
795,2018-09-25,2018-09-26
796,2018-09-26,2018-09-27
797,2018-09-27,2018-09-27
798,2018-10-01,2018-10-01
799,2018-10-02,2018-10-02
800,2018-10-03,2018-10-03
801,2018-10-04,2018-10-04
802,2018-10-08,2018-10-08
803,2018-10-09,2018-10-10
804,2018-10-10,2018-10-10
805,2018-10-11,2018-10-11
806,2018-10-15,2018-10-15
807,2018-10-16,2018-10-16
808,2018-10-17,2018-10-17
809,2018-10-18,2018-10-18
810,2018-10-22,2018-10-22
811,2018-10-23,2018-10-24
812,2018-10-24,2018-10-24
813,2018-10-25,2018-10-25
814,2018-10-26,2018-10-26
815,2018-10-29,2018-10-29
816,2018-10-30,2018-10-30
817,2018-10-31,2018-10-31
818,2018-11-01,2018-11-01
819,2018-11-02,2018-11-03
820,2018-11-05,2018-11-06
821,2018-11-06,2018-11-06
822,2018-11-07,2018-11-08
823,2018-11-08,2018-11-09
824,2018-11-09,2018-11-09
825,2018-11-12,2018-11-12
826,2018-11-13,2018-11-13
827,2018-11-14,2018-11-14
828,2018-11-15,2018-11-15
829,2018-11-16,2018-11-16
830,2018-11-19,2018-11-19
831,2018-11-20,2018-11-21
832,2018-11-21,2018-11-21
833,2019-01-21,2019-01-22
834,2019-01-22,2019-01-23
835,2019-01-23,2019-01-24
836,2019-01-24,2019-01-24
837,2019-01-28,2019-01-28
838,2019-01-29,2019-01-30
839,2019-01-30,2019-01-31
840,2019-01-31,2019-02-01
841,2019-02-01,2019-02-01
842,2019-02-04,2019-02-04
843,2019-02-05,2019-02-05
844,2019-02-06,2019-02-07
845,2019-02-07,2019-02-08
846,2019-02-08,2019-02-09
847,2019-02-11,2019-02-11
848,2019-02-12,2019-02-13
849,2019-02-13,2019-02-14
850,2019-02-14,2019-02-15
851,2019-02-15,2019-02-16
852,2019-02-18,2019-02-18
853,2019-02-19,2019-02-20
854,2019-02-20,2019-02-21
855,2019-02-21,2019-02-22
856,2019-02-22,2019-02-23
857,2019-02-25,2019-02-25
858,2019-02-26,2019-02-27
859,2019-02-27,2019-02-28
860,2019-04-15,2019-04-16
861,2019-04-16,2019-04-17
862,2019-04-17,2019-04-17
863,2019-04-18,2019-04-18
864,2019-04-22,2019-04-22
865,2019-04-23,2019-04-23
866,2019-04-24,2019-04-24
867,2019-04-25,2019-04-25
868,2019-04-26,2019-04-26
869,2019-04-29,2019-04-29
870,2019-04-30,2019-04-30
871,2019-05-01,2019-05-01
872,2019-05-02,2019-05-02
873,2019-05-03,2019-05-03
874,2019-05-06,2019-05-06
875,2019-05-07,2019-05-07
876,2019-05-08,2019-05-08
877,2019-05-09,2019-05-09
878,2019-05-10,2019-05-10
879,2019-05-13,2019-05-13
880,2019-05-14,2019-05-14
881,2019-05-15,2019-05-15
882,2019-05-16,2019-05-16
883,2019-05-17,2019-05-17
884,2019-05-20,2019-05-20
885,2019-05-21,2019-05-21
886,2019-05-22,2019-05-23
887,2019-06-09,2019-06-10
888,2019-06-30,2019-07-01
889,2019-07-07,2019-07-08
890,2019-07-14,2019-07-15
891,2019-07-21,2019-07-22
892,2019-07-28,2019-07-29
893,2019-08-18,2019-08-19
894,2019-08-25,2019-08-26
895,2019-09-15,2019-09-16
896,2019-09-16,2019-09-16
897,2019-09-17,2019-09-17
898,2019-09-18,2019-09-19
899,2019-09-19,2019-09-19
900,2019-09-20,2019-09-21
901,2019-09-22,2019-09-23
902,2019-09-23,2019-09-23
903,2019-09-24,2019-09-25
904,2019-09-25,2019-09-26
905,2019-09-26,2019-09-26
906,2019-09-27,2019-09-27
907,2019-09-29,2019-09-30
908,2019-09-30,2019-09-30
909,2019-10-01,2019-10-02
910,2019-10-02,2019-10-02
911,2019-10-03,2019-10-04
912,2019-10-07,2019-10-07
913,2019-10-08,2019-10-08
914,2019-10-09,2019-10-09
915,2019-10-10,2019-10-10
916,2019-10-14,2019-10-15
917,2019-10-15,2019-10-16
918,2019-10-16,2019-10-17
919,2019-10-17,2019-10-18
920,2019-10-21,2019-10-21
921,2019-10-22,2019-10-23
922,2019-10-23,2019-10-24
923,2019-10-24,2019-10-25
924,2019-10-28,2019-10-28
925,2019-10-29,2019-10-30
926,2019-10-30,2019-10-31
927,2019-10-31,2019-11-01
928,2019-11-01,2019-11-02
929,2019-11-04,2019-11-05
930,2019-11-05,2019-11-06
931,2019-11-06,2019-11-07
932,2019-11-07,2019-11-08
933,2019-11-08,2019-11-09
934,2019-11-11,2019-11-12
935,2019-11-12,2019-11-13
936,2019-11-13,2019-11-14
937,2019-11-14,2019-11-15
938,2019-11-15,2019-11-16
939,2019-11-18,2019-11-19
940,2019-11-19,2019-11-19
941,2019-11-20,2019-11-21
942,2019-11-21,2019-11-22
943,2019-11-22,2019-11-23
944,2019-11-25,2019-11-26
945,2019-11-26,2019-11-27
946,2019-11-27,2019-11-28
947,2020-01-20,2020-01-20
948,2020-01-21,2020-01-22
949,2020-01-22,2020-01-23
950,2020-01-23,2020-01-24
951,2020-01-27,2020-01-27
952,2020-01-28,2020-01-29
953,2020-01-29,2020-01-29
954,2020-01-30,2020-01-31
955,2020-01-31,2020-02-01
956,2020-02-03,2020-02-03
957,2020-02-04,2020-02-05
958,2020-02-05,2020-02-06
959,2020-02-06,2020-02-07
960,2020-02-07,2020-02-07
961,2020-02-10,2020-02-11
962,2020-02-11,2020-02-12
963,2020-02-12,2020-02-12
964,2020-02-13,2020-02-14
965,2020-02-14,2020-02-15
966,2020-02-18,2020-02-19
967,2020-02-19,2020-02-20
968,2020-02-20,2020-02-20
969,2020-02-21,2020-02-21
970,2020-02-24,2020-02-25
971,2020-02-25,2020-02-25
972,2020-02-26,2020-02-27
973,2020-04-13,2020-04-13
974,2020-04-14,2020-04-14
975,2020-04-15,2020-04-15
976,2020-04-21,2020-04-21
977,2020-04-23,2020-04-23
978,2020-04-24,2020-04-24
979,2020-04-27,2020-04-27
980,2020-04-28,2020-04-28
981,2020-04-20,2020-05-02
982,2020-05-04,2020-05-04
983,2020-05-05,2020-05-05
984,2020-02-17,2020-05-06
985,2020-05-11,2020-05-11
986,2020-05-12,2020-05-12
987,2020-05-18,2020-05-18
988,2020-05-19,2020-05-19
989,2020-05-20,2020-05-20
990,2020-05-31,2020-06-01
991,2020-06-07,2020-06-08
992,2020-06-14,2020-06-15
993,2020-06-28,2020-06-29
994,2020-07-12,2020-07-13
995,2020-09-20,2020-09-21
996,2020-07-19,2020-09-25
997,2020-10-01,2020-10-02
998,2020-10-05,2020-10-05
999,2020-10-06,2020-10-06
1000,2020-10-07,2020-10-07
1001,2020-10-08,2020-10-09
1002,2020-10-08,2020-10-09
1003,2020-10-12,2020-10-12
1004,2020-10-13,2020-10-13
1005,2020-10-13,2020-10-14
1006,2020-10-14,2020-10-14
1007,2020-10-15,2020-10-15
1008,2020-10-20,2020-10-20
1009,2020-10-21,2020-10-21
1010,2020-10-22,2020-10-22
1011,2020-10-23,2020-10-23
1012,2020-10-26,2020-10-26
1013,2020-10-27,2020-10-27
1014,2020-10-28,2020-10-28
1015,2020-10-29,2020-10-29
1016,2020-10-29,2020-10-30
1017,2020-10-30,2020-10-30
1018,2020-11-02,2020-11-02
1019,2020-11-03,2020-11-03
1020,2020-11-04,2020-11-04
1021,2020-11-05,2020-11-06
1022,2020-11-06,2020-11-06
1023,2020-11-09,2020-11-10
1024,2020-11-10,2020-11-10
1025,2020-11-11,2020-11-11
1026,2020-11-12,2020-11-12
1027,2020-11-13,2020-11-14
1028,2020-11-16,2020-11-16
1029,2020-11-17,2020-11-17
1030,2020-11-18,2020-11-19
1031,2020-11-19,2020-11-20
1032,2020-11-20,2020-11-20
1033,2020-11-23,2020-11-24
1034,2020-11-24,2020-11-24
1035,2020-11-25,2020-11-25
1036,2020-10-19,2020-12-18
1037,2021-01-25,2021-01-25
1038,2021-01-26,2021-01-26
1039,2021-01-27,2021-01-27
1040,2021-01-28,2021-01-28
1041,2021-01-29,2021-01-29
1042,2021-02-01,2021-02-01
1043,2021-02-02,2021-02-03
1044,2021-02-03,2021-02-03
1045,2021-02-04,2021-02-05
1046,2021-02-05,2021-02-06
1047,2021-02-08,2021-02-09
1048,2021-02-09,2021-02-09
1049,2021-02-10,2021-02-10
1050,2021-02-11,2021-02-12
1051,2021-02-12,2021-02-12
1052,2021-02-15,2021-02-16
1053,2021-02-16,2021-02-16
1054,2021-02-17,2021-02-17
1055,2021-02-18,2021-02-18
1056,2021-02-19,2021-02-19
1057,2021-02-22,2021-02-23
1058,2021-02-23,2021-02-24
1059,2021-02-24,2021-02-25
1060,2021-02-25,2021-02-25
1061,2021-03-01,2021-03-01
1062,2021-03-02,2021-03-02
1063,2021-03-03,2021-03-04
1064,2021-04-19,2021-04-19
1065,2021-04-20,2021-04-20
1066,2021-04-21,2021-04-21
1067,2021-04-22,2021-04-22
1068,2021-04-23,2021-04-23
1069,2021-04-26,2021-04-26
1070,2021-04-27,2021-04-27
1071,2021-04-28,2021-04-28
1072,2021-04-29,2021-04-29
1073,2021-04-30,2021-04-30
1074,2021-05-03,2021-05-03
1075,2021-05-04,2021-05-04
1076,2021-05-05,2021-05-05
1077,2021-05-06,2021-05-06
1078,2020-04-16,2021-05-07
1079,2021-05-07,2021-05-07
1080,2021-05-10,2021-05-10
1081,2021-05-11,2021-05-11
1082,2020-04-22,2021-05-12
1083,2021-05-12,2021-05-12
1084,2021-05-13,2021-05-13
1085,2021-05-14,2021-05-14
1086,2021-05-17,2021-05-17
1087,2021-05-18,2021-05-18
1088,2021-05-19,2021-05-19
1089,2021-05-20,2021-05-20
1090,2021-05-21,2021-05-21
1091,2021-05-24,2021-05-24
1092,2021-05-25,2021-05-25
1093,2021-05-26,2021-05-26
1094,2015-06-28,2021-05-31
1095,2021-06-06,2021-06-07
1096,2021-06-13,2021-06-14
1097,2021-06-20,2021-06-21
1098,2021-07-05,2021-06-27
1099,2021-06-27,2021-06-28
1100,2021-07-12,2021-06-30
1101,2021-07-19,2021-07-03
1102,2015-07-26,2021-07-11
1103,2021-07-18,2021-07-19
1104,2021-07-25,2021-07-26
1105,2021-08-15,2021-08-16
1106,2021-08-16,2021-08-16
1107,2021-08-22,2021-08-23
1108,2021-08-29,2021-08-30
1109,2021-09-12,2021-09-13
1110,2021-09-19,2021-09-20
1111,2021-09-27,2021-09-27
1112,2021-09-28,2021-09-28
1113,2021-09-29,2021-09-29
1114,2021-09-30,2021-09-30
1115,2021-10-01,2021-10-01
1116,2021-10-04,2021-10-04
1117,2021-10-05,2021-10-05
1118,2021-10-06,2021-10-06
1119,2021-10-07,2021-10-07
1120,2021-10-08,2021-10-08
1121,2021-10-11,2021-10-11
1122,2021-10-12,2021-10-12
1123,2021-10-13,2021-10-13
1124,2021-10-18,2021-10-18
1125,2021-10-19,2021-10-20
1126,2021-10-20,2021-10-20
1127,2021-10-21,2021-10-21
1128,2021-10-22,2021-10-22
1129,2021-10-25,2021-10-25
1130,2021-10-26,2021-10-26
1131,2021-10-27,2021-10-27
1132,2021-10-28,2021-10-28
1133,2021-10-29,2021-10-29
1134,2021-11-01,2021-11-01
1135,2021-11-02,2021-11-02
1136,2021-11-03,2021-11-03
1137,2021-11-04,2021-11-04
1138,2021-11-05,2021-11-05
1139,2021-11-08,2021-11-08
1140,2021-11-09,2021-11-09
1141,2021-11-10,2021-11-10
1142,2021-11-11,2021-11-11
1143,2021-11-12,2021-11-12
1144,2021-11-15,2021-11-15
1145,2021-11-16,2021-11-16
1146,2021-11-17,2021-11-17
1147,2021-11-18,2021-11-18
1148,2021-11-19,2021-11-20
1149,2021-11-22,2021-11-22
1150,2021-11-23,2021-11-23
1151,2021-11-24,2021-11-24
1152,2021-11-29,2021-11-29
1153,2022-01-24,2022-01-24
1154,2022-01-25,2022-01-25
1155,2022-01-26,2022-01-26
1156,2022-01-27,2022-01-27
1157,2022-01-28,2022-01-28
1158,2022-01-31,2022-01-31
1159,2022-02-01,2022-02-01
1160,2022-02-02,2022-02-02
1161,2022-02-03,2022-02-04
1162,2022-02-04,2022-02-04
1163,2022-02-07,2022-02-07
1164,2022-02-08,2022-02-08
1165,2022-02-09,2022-02-10
1166,2022-02-10,2022-02-10
1167,2022-02-11,2022-02-11
1168,2022-02-14,2022-02-14
1169,2022-02-15,2022-02-16
1170,2022-02-16,2022-02-16
1171,2022-02-17,2022-02-17
1172,2022-02-18,2022-02-18
1173,2022-02-21,2022-02-21
1174,2022-02-22,2022-02-22
1175,2022-02-23,2022-02-23
1176,2022-02-24,2022-02-24
1177,2022-02-25,2022-02-25
1178,2022-02-28,2022-02-28
1179,2022-03-01,2022-03-02
1180,2022-03-02,2022-03-02
1181,2022-04-18,2022-04-18
1182,2022-04-19,2022-04-19
1183,2022-04-20,2022-04-20
1184,2022-04-21,2022-04-21
1185,2022-04-25,2022-04-25
1186,2022-04-26,2022-04-26
1187,2022-04-27,2022-04-27
1188,2022-04-28,2022-04-28
1189,2022-04-29,2022-04-29
1190,2022-05-02,2022-05-02
1191,2022-05-03,2022-05-03
1192,2022-05-04,2022-05-04
1193,2022-05-05,2022-05-05
1194,2022-05-06,2022-05-06
1195,2022-05-09,2022-05-09
1196,2022-05-10,2022-05-10
1197,2022-05-11,2022-05-11
1198,2022-05-12,2022-05-12
1199,2022-05-13,2022-05-13
1200,2022-05-16,2022-05-16
1201,2022-05-17,2022-05-17
1202,2022-05-18,2022-05-18
1203,2022-05-19,2022-05-19
1204,2022-05-20,2022-05-20
1205,2022-05-23,2022-05-23
1206,2022-05-24,2022-05-24
1207,2022-05-25,2022-05-25
1208,2011-10-26,2022-06-27
1209,2022-07-10,2022-07-11
1210,2022-07-17,2022-07-18
1211,2022-07-24,2022-07-25
1212,2022-07-31,2022-08-01
1213,2022-08-01,2022-08-01
1214,2022-08-07,2022-08-08
1215,2022-08-14,2022-08-15
1216,2022-08-28,2022-08-22
1217,2022-09-11,2022-08-29
1218,2022-08-21,2022-09-12
1219,2022-09-18,2022-09-19
1220,2022-09-22,2022-09-23
1221,2022-09-26,2022-09-26
1222,2022-09-27,2022-09-27
1223,2022-09-28,2022-09-28
1224,2022-09-29,2022-09-29
1225,2022-09-30,2022-09-30
1226,2022-10-03,2022-10-03
1227,2022-10-04,2022-10-04
1228,2022-10-05,2022-10-05
1229,2022-10-06,2022-10-06
1230,2022-10-10,2022-10-10
1231,2022-10-11,2022-10-11
1232,2022-10-12,2022-10-12
1233,2022-10-13,2022-10-13
1234,2022-10-17,2022-10-17
1235,2022-10-18,2022-10-18
1236,2022-10-20,2022-10-20
1237,2022-10-21,2022-10-21
1238,2022-10-24,2022-10-24
1239,2022-10-25,2022-10-25
1240,2022-10-26,2022-10-26
1241,2022-10-27,2022-10-27
1242,2022-10-28,2022-10-28
1243,2022-10-31,2022-10-31
1244,2022-11-01,2022-11-01
1245,2022-11-02,2022-11-02
1246,2022-11-03,2022-11-03
1247,2022-11-04,2022-11-04
1248,2022-11-07,2022-11-07
1249,2022-11-08,2022-11-08
1250,2022-11-09,2022-11-09
1251,2022-11-10,2022-11-10
1252,2022-11-11,2022-11-11
1253,2022-11-14,2022-11-14
1254,2022-11-15,2022-11-15
1255,2022-11-16,2022-11-16
1256,2022-11-17,2022-11-17
1257,2022-11-18,2022-11-18
1258,2022-11-21,2022-11-21
1259,2022-11-22,2022-11-22
1260,2022-11-23,2022-11-23
1261,2022-10-19,2023-01-10
1262,2022-10-19,2023-01-11
1263,2023-01-23,2023-01-24
1264,2023-01-24,2023-01-24
1265,2023-01-25,2023-01-25
1266,2023-01-26,2023-01-26
1267,2023-01-27,2023-01-27
1268,2023-01-30,2023-01-30
1269,2023-01-31,2023-01-31
1270,2023-02-01,2023-02-02
1271,2023-02-02,2023-02-02
1272,2023-02-03,2023-02-03
