"CommentID","CommentDate","CommentTime"
1,2017-06-05,06:12 PM
2,2017-06-21,01:14 AM
3,2016-01-22,05:26 AM
4,2017-08-14,07:15 PM
5,2016-11-29,04:51 AM
6,2016-11-29,04:51 AM
7,2016-03-16,03:52 AM
8,2017-08-14,07:16 PM
9,2019-11-22,03:54 PM
10,2019-11-22,03:55 PM
11,2019-11-22,03:55 PM
12,2016-03-22,03:43 AM
13,2017-07-25,12:23 AM
14,2017-12-09,01:29 AM
15,2018-06-06,08:43 PM
16,2020-03-15,02:08 AM
17,2016-02-05,04:14 AM
18,2016-11-29,05:06 AM
19,2018-04-06,11:45 AM
20,2018-10-06,04:00 PM
21,2019-11-22,10:59 PM
22,2016-03-24,04:36 AM
23,2017-08-22,09:35 PM
24,2016-02-17,02:46 AM
25,2016-02-18,05:53 AM
26,2016-10-19,08:35 PM
27,2017-08-26,03:30 AM
28,2017-12-26,07:11 AM
29,2016-02-20,04:23 AM
30,2016-11-29,05:30 AM
31,2016-02-24,01:20 AM
32,2016-02-28,12:45 AM
33,2016-02-28,12:48 AM
34,2017-01-05,07:46 AM
35,2016-04-19,11:41 AM
36,2017-06-24,10:13 PM
37,2017-07-31,08:34 PM
38,2017-05-28,06:09 AM
39,2017-07-13,04:20 AM
40,2017-01-01,10:27 PM
41,2016-04-28,01:20 AM
42,2016-04-28,03:35 AM
43,2016-12-03,05:43 PM
44,2017-04-28,10:55 PM
45,2016-12-06,01:46 AM
46,2017-07-15,12:14 AM
47,2017-12-16,04:51 AM
48,2016-08-28,04:13 PM
49,2017-06-03,11:03 PM
50,2018-04-30,11:41 PM
51,2018-05-01,12:18 AM
52,2016-05-07,03:55 AM
53,2017-07-19,01:09 AM
54,2016-05-11,03:03 AM
55,2016-05-11,03:36 AM
56,2016-08-17,10:07 PM
57,2019-11-22,07:22 PM
58,2016-11-13,11:36 PM
59,2018-02-21,04:43 AM
60,2021-07-05,03:59 AM
61,2018-08-29,01:23 AM
62,2016-05-15,10:15 PM
63,2016-08-28,04:11 PM
64,2017-02-03,03:54 AM
65,2016-05-18,04:15 AM
66,2017-07-03,11:34 PM
67,2017-06-05,02:50 PM
68,2016-08-28,04:12 PM
69,2017-07-01,04:20 PM
70,2016-05-25,11:51 PM
71,2017-06-26,07:30 PM
72,2016-05-27,04:34 AM
73,2016-10-19,08:37 PM
74,2018-08-08,06:43 PM
75,2016-07-25,03:59 PM
76,2016-11-29,05:44 PM
77,2017-06-19,04:01 AM
78,2017-08-01,01:51 AM
79,2021-06-07,02:48 PM
80,2019-11-22,07:16 PM
81,2021-10-26,01:39 AM
82,2016-10-29,04:36 AM
83,2017-06-26,07:37 PM
84,2021-08-20,01:32 AM
85,2016-09-30,02:32 AM
86,2017-05-29,01:01 PM
87,2016-10-03,10:33 PM
88,2017-05-22,12:01 AM
89,2016-10-06,11:02 PM
90,2016-10-10,11:28 PM
91,2017-02-28,03:34 PM
92,2017-03-02,10:20 AM
93,2017-04-29,05:39 PM
94,2017-07-06,03:36 AM
95,2016-10-13,12:34 AM
96,2016-10-14,12:38 AM
97,2016-10-14,12:38 AM
98,2016-12-03,06:01 AM
99,2016-12-13,10:20 PM
100,2016-10-25,02:04 PM
101,2016-10-26,01:45 AM
102,2016-10-26,02:29 AM
103,2016-10-27,02:02 AM
104,2018-07-24,08:40 PM
105,2018-07-24,08:40 PM
106,2016-10-28,01:02 AM
107,2017-01-22,09:25 AM
108,2016-11-02,12:32 AM
109,2021-11-13,09:45 PM
110,2022-07-31,07:57 PM
111,2016-11-03,01:29 AM
112,2022-07-31,07:58 PM
113,2016-11-04,12:37 AM
114,2016-11-05,12:10 AM
115,2016-11-08,12:38 AM
116,2021-06-02,04:12 AM
117,2018-07-21,04:08 AM
118,2016-11-11,01:20 AM
119,2016-11-12,03:42 AM
120,2016-11-15,03:43 AM
121,2017-03-23,09:11 PM
122,2021-06-28,04:47 AM
123,2022-07-03,05:10 PM
124,2016-11-22,01:45 AM
125,2016-12-23,07:13 PM
126,2017-01-18,04:28 AM
127,2017-08-10,07:05 PM
128,2017-01-19,04:09 AM
129,2017-01-20,04:35 AM
130,2017-01-20,05:51 AM
131,2017-01-24,01:14 AM
132,2017-01-24,03:33 AM
133,2017-01-24,05:20 AM
134,2017-01-24,06:36 AM
135,2021-09-05,09:36 PM
136,2021-09-13,11:29 PM
137,2017-01-26,04:47 AM
138,2017-01-27,05:52 AM
139,2017-01-27,05:52 AM
140,2017-01-28,04:28 AM
141,2017-01-28,04:31 AM
142,2017-06-01,03:49 AM
143,2018-03-29,12:06 AM
144,2017-06-01,03:54 AM
145,2017-07-04,10:26 PM
146,2017-02-01,05:45 AM
147,2017-02-02,03:34 AM
148,2017-02-03,04:14 AM
149,2017-05-31,02:57 PM
150,2017-05-31,02:58 PM
151,2021-06-28,04:53 AM
152,2017-02-08,04:45 AM
153,2017-02-09,06:20 AM
154,2017-02-10,06:13 AM
155,2017-02-11,03:39 AM
156,2017-02-15,01:41 PM
157,2017-02-25,11:14 PM
158,2017-07-01,04:28 AM
159,2017-02-18,03:54 AM
160,2022-07-25,05:27 PM
161,2017-02-22,01:14 AM
162,2017-08-14,07:17 PM
163,2017-02-22,03:40 AM
164,2019-05-31,03:08 PM
165,2018-05-18,12:57 AM
166,2017-03-11,10:35 PM
167,2017-03-13,05:30 AM
168,2017-04-22,01:37 AM
169,2017-12-19,04:53 AM
170,2018-06-26,07:55 PM
171,2017-03-11,11:23 PM
172,2018-03-25,04:49 AM
173,2017-06-04,05:09 AM
174,2017-03-12,05:48 PM
175,2017-03-12,05:48 PM
176,2021-08-14,01:24 PM
177,2019-07-16,06:31 PM
178,2019-11-22,07:23 PM
179,2017-03-12,09:22 PM
180,2017-05-07,04:39 PM
181,2017-03-13,09:08 PM
182,2017-05-07,04:42 PM
183,2017-03-13,09:08 PM
184,2017-03-13,09:14 PM
185,2017-05-07,04:45 PM
186,2017-07-10,10:47 PM
187,2018-05-14,08:32 PM
188,2017-03-16,09:42 PM
189,2018-05-14,09:02 PM
190,2017-03-18,12:59 AM
191,2017-03-18,05:28 PM
192,2017-06-17,02:54 PM
193,2018-07-30,01:48 AM
194,2017-03-18,10:15 PM
195,2018-07-30,02:15 AM
196,2022-03-30,05:10 AM
197,2017-03-19,06:28 PM
198,2022-09-01,08:11 AM
199,2017-03-19,08:49 PM
200,2017-07-23,04:49 AM
201,2018-07-29,05:56 PM
202,2017-03-19,08:49 PM
203,2017-03-19,08:51 PM
204,2017-07-23,04:47 AM
205,2017-03-19,08:53 PM
206,2017-08-01,06:18 AM
207,2018-06-26,09:34 PM
208,2018-06-26,11:41 PM
209,2018-06-26,09:41 PM
210,2017-03-20,09:10 PM
211,2018-06-18,04:00 PM
212,2017-03-20,11:27 PM
213,2017-03-21,03:31 AM
214,2017-03-22,12:32 AM
215,2017-07-23,04:52 AM
216,2017-03-22,03:49 AM
217,2018-05-14,07:59 PM
218,2017-07-20,03:25 AM
219,2017-03-22,05:40 PM
220,2017-03-28,12:39 PM
221,2017-12-23,05:39 AM
222,2018-07-24,08:32 PM
223,2017-03-22,06:56 PM
224,2018-06-06,01:52 AM
225,2018-06-13,07:51 PM
226,2017-03-23,07:11 PM
227,2017-03-24,11:21 PM
228,2017-03-24,11:34 PM
229,2017-03-26,12:33 AM
230,2018-05-14,09:31 PM
231,2017-03-26,12:34 AM
232,2018-04-03,03:38 AM
233,2017-03-26,02:07 AM
234,2017-08-28,06:56 AM
235,2018-07-30,01:45 AM
236,2017-03-26,02:52 PM
237,2017-03-26,02:52 PM
238,2017-03-26,02:54 PM
239,2017-03-27,03:28 PM
240,2017-03-27,07:01 PM
241,2018-07-30,01:43 PM
242,2021-02-16,02:06 PM
243,2017-05-28,05:07 AM
244,2017-05-09,01:11 AM
245,2017-03-29,12:58 AM
246,2017-03-29,03:24 PM
247,2017-03-29,03:24 PM
248,2017-03-29,08:52 PM
249,2021-07-18,04:17 AM
250,2017-05-25,10:50 PM
251,2017-07-20,07:14 AM
252,2018-03-19,01:04 PM
253,2017-06-29,05:30 AM
254,2019-11-08,10:14 PM
255,2019-11-08,10:16 PM
256,2019-11-08,10:19 PM
257,2019-11-08,10:20 PM
258,2017-03-31,06:19 PM
259,2017-03-31,06:19 PM
260,2017-03-31,06:20 PM
261,2017-03-31,11:08 PM
262,2018-07-21,03:26 AM
263,2021-07-27,09:18 PM
264,2018-06-21,02:34 AM
265,2018-07-30,01:34 PM
266,2017-04-01,05:19 PM
267,2017-04-27,04:11 PM
268,2017-04-01,05:20 PM
269,2017-07-06,03:39 AM
270,2017-07-20,03:26 AM
271,2019-12-10,03:22 AM
272,2021-05-12,03:01 AM
273,2017-04-02,01:49 AM
274,2018-06-26,07:24 PM
275,2019-05-26,12:05 AM
276,2017-04-02,06:06 PM
277,2017-05-07,05:59 AM
278,2018-06-26,07:41 PM
279,2017-04-02,06:07 PM
280,2019-06-25,12:59 PM
281,2017-04-02,06:09 PM
282,2018-03-19,01:21 PM
283,2018-03-19,01:28 PM
284,2017-05-09,01:16 AM
285,2018-07-21,03:33 AM
286,2017-04-04,09:21 PM
287,2017-04-04,09:18 PM
288,2017-05-22,09:00 PM
289,2018-09-28,11:09 PM
290,2020-03-18,06:29 PM
291,2017-07-06,02:17 AM
292,2017-04-06,12:47 AM
293,2017-05-14,06:16 AM
294,2018-05-27,01:04 AM
295,2020-12-03,11:02 PM
296,2017-04-07,07:54 PM
297,2017-05-21,03:12 PM
298,2017-04-08,08:41 PM
299,2017-06-11,06:27 AM
300,2017-04-08,10:11 PM
301,2018-05-29,07:55 PM
302,2018-06-05,10:18 AM
303,2018-07-20,04:30 AM
304,2017-05-14,02:03 AM
305,2018-03-19,12:52 PM
306,2021-06-10,06:55 PM
307,2017-04-09,05:49 PM
308,2017-07-20,03:41 PM
309,2017-08-01,06:25 AM
310,2017-04-09,09:24 PM
311,2017-04-30,02:35 PM
312,2018-07-27,10:38 PM
313,2018-07-28,12:04 AM
314,2021-08-14,01:41 PM
315,2017-04-10,02:07 PM
316,2017-04-30,02:37 PM
317,2017-04-10,07:04 PM
318,2017-04-30,02:43 PM
319,2017-04-10,07:06 PM
320,2017-04-30,02:45 PM
321,2019-11-22,06:55 PM
322,2020-03-15,04:35 PM
323,2017-04-10,09:06 PM
324,2017-04-11,05:24 AM
325,2018-04-04,03:41 AM
326,2017-06-30,11:56 PM
327,2017-04-11,07:02 PM
328,2017-04-11,07:01 PM
329,2017-05-02,09:49 PM
330,2017-04-12,10:26 PM
331,2017-04-13,12:34 AM
332,2022-12-12,05:43 AM
333,2017-04-13,04:08 PM
334,2017-04-14,02:57 PM
335,2017-04-14,09:01 PM
336,2017-05-14,06:18 AM
337,2020-02-24,03:04 AM
338,2020-03-28,05:44 PM
339,2017-05-14,06:19 AM
340,2021-07-23,07:59 AM
341,2017-05-14,06:19 AM
342,2019-11-22,07:09 PM
343,2017-06-24,02:55 AM
344,2017-11-08,05:52 AM
345,2017-04-16,08:48 PM
346,2017-04-16,08:49 PM
347,2017-05-03,11:46 AM
348,2017-04-17,03:09 PM
349,2017-05-14,05:53 AM
350,2017-10-23,02:23 PM
351,2017-04-17,06:58 PM
352,2017-04-17,06:58 PM
353,2017-04-18,12:48 AM
354,2020-03-31,04:21 AM
355,2017-04-18,03:10 AM
356,2017-04-19,03:17 AM
357,2017-04-19,04:02 PM
358,2017-04-29,03:35 AM
359,2017-08-19,09:59 PM
360,2017-04-19,12:43 AM
361,2017-04-19,08:21 PM
362,2017-04-20,01:42 AM
363,2017-04-20,01:53 PM
364,2017-04-20,06:10 PM
365,2018-06-27,05:38 PM
366,2017-04-20,07:13 PM
367,2018-07-31,02:38 AM
368,2017-06-21,04:12 AM
369,2017-04-21,03:58 AM
370,2017-04-21,02:06 PM
371,2017-04-21,08:48 PM
372,2017-04-21,08:51 PM
373,2017-04-23,11:09 PM
374,2017-05-29,03:32 PM
375,2017-04-21,03:49 AM
376,2017-08-14,05:33 AM
377,2018-03-19,01:42 PM
378,2017-04-21,10:08 PM
379,2018-05-20,01:23 AM
380,2018-08-12,11:13 PM
381,2018-07-05,02:53 AM
382,2019-03-13,10:38 PM
383,2019-11-22,07:00 PM
384,2019-11-22,07:03 PM
385,2019-11-22,07:06 PM
386,2019-11-22,07:11 PM
387,2018-05-04,11:27 AM
388,2020-11-11,10:13 PM
389,2017-04-24,11:38 PM
390,2017-04-25,04:16 AM
391,2018-06-04,08:03 PM
392,2017-04-25,12:52 AM
393,2017-04-25,04:08 AM
394,2018-03-19,02:49 AM
395,2017-07-16,12:19 AM
396,2017-06-24,07:28 PM
397,2021-06-03,08:37 AM
398,2017-07-20,08:02 AM
399,2018-03-19,01:49 PM
400,2017-04-27,03:31 AM
401,2017-04-27,05:36 PM
402,2017-04-28,04:05 AM
403,2017-04-29,02:44 AM
404,2020-02-20,03:39 AM
405,2017-05-22,02:50 AM
406,2021-07-17,10:46 AM
407,2017-05-01,02:33 PM
408,2017-05-14,05:48 AM
409,2017-05-14,05:48 AM
410,2018-03-26,04:28 PM
411,2017-05-14,06:08 AM
412,2017-05-02,05:20 PM
413,2018-09-21,07:17 PM
414,2017-05-14,06:10 AM
415,2017-05-03,04:30 PM
416,2017-05-03,06:06 PM
417,2017-05-04,03:53 AM
418,2017-05-06,03:43 AM
419,2018-06-07,06:10 AM
420,2017-05-07,02:14 AM
421,2017-07-20,03:23 AM
422,2017-05-08,01:19 AM
423,2017-05-08,02:21 PM
424,2017-05-08,04:28 PM
425,2017-05-09,04:10 AM
426,2017-05-09,09:59 PM
427,2017-05-14,05:19 AM
428,2017-05-14,05:19 AM
429,2017-05-14,06:11 AM
430,2017-05-09,10:02 PM
431,2017-05-14,05:22 AM
432,2018-04-05,11:10 PM
433,2017-05-11,05:34 PM
434,2017-05-15,05:43 AM
435,2017-05-12,07:00 PM
436,2018-04-18,01:51 PM
437,2017-05-15,05:45 AM
438,2019-12-10,03:31 AM
439,2019-12-10,04:08 AM
440,2018-04-18,01:53 PM
441,2017-05-12,08:49 PM
442,2017-05-13,03:39 AM
443,2017-05-13,04:24 AM
444,2019-07-07,03:38 AM
445,2019-08-27,11:47 PM
446,2021-06-24,02:01 AM
447,2022-08-15,03:00 AM
448,2017-05-14,12:38 AM
449,2018-05-16,06:51 PM
450,2017-05-16,04:52 AM
451,2017-08-28,07:18 AM
452,2017-08-20,08:56 PM
453,2017-05-28,05:00 AM
454,2017-05-21,09:16 PM
455,2017-08-01,05:57 AM
456,2017-08-16,02:52 PM
457,2021-06-17,03:50 AM
458,2017-08-16,02:57 PM
459,2017-05-17,04:12 PM
460,2017-06-11,10:09 PM
461,2017-05-17,03:35 PM
462,2021-11-27,08:09 AM
463,2017-05-17,07:56 PM
464,2021-03-11,02:19 AM
465,2017-06-06,06:31 PM
466,2019-11-22,08:03 PM
467,2017-05-18,06:42 AM
468,2017-05-18,02:35 PM
469,2017-05-27,05:38 PM
470,2017-07-23,01:25 PM
471,2017-05-19,02:49 PM
472,2017-07-07,06:26 AM
473,2018-02-21,02:44 PM
474,2019-08-18,02:06 PM
475,2019-08-18,03:46 PM
476,2018-08-26,01:45 AM
477,2017-05-19,08:02 PM
478,2018-04-04,01:57 AM
479,2017-05-19,08:53 PM
480,2018-01-01,08:40 AM
481,2018-01-01,11:25 AM
482,2017-05-20,04:04 AM
483,2021-01-18,09:40 PM
484,2017-05-20,05:52 PM
485,2022-07-08,02:33 PM
486,2017-05-20,07:38 PM
487,2022-07-28,12:33 AM
488,2017-07-15,04:24 PM
489,2017-05-23,02:39 PM
490,2018-03-15,05:06 PM
491,2018-03-25,04:31 AM
492,2017-05-23,09:34 PM
493,2017-05-21,09:06 PM
494,2017-05-21,09:32 PM
495,2018-08-08,04:02 AM
496,2017-05-21,10:03 PM
497,2017-05-22,01:01 AM
498,2017-07-10,12:17 AM
499,2017-06-04,05:02 AM
500,2018-04-26,07:03 AM
501,2018-08-08,06:38 PM
502,2021-10-03,04:23 AM
503,2017-05-24,04:28 AM
504,2017-05-28,01:17 AM
505,2017-07-21,05:53 AM
506,2017-05-23,03:13 AM
507,2022-09-22,01:48 AM
508,2017-05-23,02:24 PM
509,2017-06-18,03:39 AM
510,2017-06-25,01:51 AM
511,2017-07-06,02:15 AM
512,2017-07-07,05:21 AM
513,2017-05-24,03:15 AM
514,2017-05-24,03:16 AM
515,2017-05-24,03:19 AM
516,2017-06-18,03:42 AM
517,2017-05-24,04:59 PM
518,2017-05-25,01:10 AM
519,2017-05-25,05:58 AM
520,2017-05-25,06:03 AM
521,2018-08-09,02:58 AM
522,2022-08-12,02:56 PM
523,2017-05-25,04:27 AM
524,2019-11-14,01:08 PM
525,2018-03-22,08:33 PM
526,2017-05-25,03:47 PM
527,2017-07-19,02:31 AM
528,2017-05-25,06:38 PM
529,2017-06-07,09:18 PM
530,2017-05-26,05:20 AM
531,2019-01-11,05:40 AM
532,2017-05-26,02:27 PM
533,2017-05-28,01:04 AM
534,2017-06-18,09:13 PM
535,2018-08-18,03:34 AM
536,2017-05-26,07:36 PM
537,2018-05-17,02:23 PM
538,2017-07-06,02:12 AM
539,2017-05-27,06:54 PM
540,2017-05-28,12:59 AM
541,2017-05-28,03:04 PM
542,2018-03-22,05:45 PM
543,2018-07-08,01:37 PM
544,2018-03-22,08:48 PM
545,2018-12-15,10:14 PM
546,2021-07-12,02:19 AM
547,2017-06-07,04:13 AM
548,2017-06-22,06:13 AM
549,2017-05-29,01:24 AM
550,2017-05-30,01:54 AM
551,2017-05-29,03:07 PM
552,2017-08-01,05:51 AM
553,2017-10-13,10:46 PM
554,2017-11-04,07:43 PM
555,2017-05-29,04:45 PM
556,2017-06-02,06:38 PM
557,2018-03-22,08:52 PM
558,2020-03-14,04:31 PM
559,2020-03-14,04:33 PM
560,2017-05-30,04:12 PM
561,2017-08-14,09:05 PM
562,2018-04-03,03:40 AM
563,2018-04-03,03:30 AM
564,2017-06-03,03:11 PM
565,2018-06-03,06:54 PM
566,2018-08-18,03:51 AM
567,2017-07-06,02:14 AM
568,2017-05-31,01:58 AM
569,2019-11-22,04:16 PM
570,2019-11-22,05:48 PM
571,2017-05-31,04:52 PM
572,2017-06-25,06:09 AM
573,2017-06-25,06:09 AM
574,2017-07-09,06:30 AM
575,2017-06-01,01:01 AM
576,2020-06-19,01:25 AM
577,2017-06-25,01:55 AM
578,2018-08-18,03:55 AM
579,2017-06-20,02:21 PM
580,2017-06-01,10:20 PM
581,2017-06-08,11:54 PM
582,2017-08-13,11:20 PM
583,2017-06-01,10:23 PM
584,2018-04-02,02:10 PM
585,2020-06-19,01:28 AM
586,2017-06-08,11:57 PM
587,2017-07-16,12:20 AM
588,2017-12-09,06:38 PM
589,2018-12-27,04:59 PM
590,2018-03-11,05:10 AM
591,2019-06-26,09:25 PM
592,2020-03-23,11:28 PM
593,2017-06-09,12:01 AM
594,2019-08-12,02:41 AM
595,2018-07-31,02:35 AM
596,2017-06-03,01:16 AM
597,2017-06-09,03:21 AM
598,2017-06-03,04:06 PM
599,2017-06-27,02:25 PM
600,2017-06-03,04:09 PM
601,2017-06-24,04:38 PM
602,2017-10-08,09:33 PM
603,2018-08-14,02:34 AM
604,2021-05-31,11:39 PM
605,2017-06-04,01:51 AM
606,2017-08-01,05:56 AM
607,2018-06-03,06:34 PM
608,2017-06-04,04:30 PM
609,2018-11-27,08:32 PM
610,2017-06-05,05:46 PM
611,2017-06-19,03:35 AM
612,2022-09-03,09:29 AM
613,2017-06-05,09:25 PM
614,2017-06-05,09:54 PM
615,2017-06-06,02:50 PM
616,2018-01-04,08:55 PM
617,2017-06-06,06:33 PM
618,2017-06-07,01:09 AM
619,2018-07-25,01:36 AM
620,2020-10-08,07:10 PM
621,2017-06-07,06:41 PM
622,2017-08-04,08:46 PM
623,2017-06-08,03:39 PM
624,2017-06-09,12:45 AM
625,2017-06-22,10:51 PM
626,2021-02-08,09:57 AM
627,2017-07-23,09:25 PM
628,2017-06-11,12:28 AM
629,2018-06-07,12:27 AM
630,2017-06-12,07:20 PM
631,2017-07-09,06:27 AM
632,2017-06-17,04:11 AM
633,2017-06-24,12:15 AM
634,2017-06-23,10:36 PM
635,2017-12-10,07:01 PM
636,2018-10-03,10:41 AM
637,2017-06-25,03:57 PM
638,2017-06-25,03:59 PM
639,2017-06-25,04:03 PM
640,2017-06-27,02:07 AM
641,2020-04-06,12:56 PM
642,2017-06-26,02:52 AM
643,2017-06-26,03:49 AM
644,2017-06-28,03:28 PM
645,2018-03-22,07:20 PM
646,2019-11-22,08:35 PM
647,2017-06-28,01:30 PM
648,2018-07-25,01:31 AM
649,2018-07-25,01:32 AM
650,2018-07-25,02:37 AM
651,2020-02-28,02:39 PM
652,2017-07-10,12:26 AM
653,2017-07-10,05:27 AM
654,2017-07-16,10:08 PM
655,2018-08-24,06:01 AM
656,2017-08-08,08:15 PM
657,2017-08-28,04:12 AM
658,2017-09-11,06:48 PM
659,2022-08-12,02:55 PM
660,2017-09-11,11:30 PM
661,2017-09-17,08:01 AM
662,2017-09-12,04:55 PM
663,2017-09-17,08:02 AM
664,2017-10-09,06:26 AM
665,2017-09-13,05:59 PM
666,2017-09-17,08:02 AM
667,2017-09-17,08:03 AM
668,2017-11-11,04:42 AM
669,2017-09-17,08:46 AM
670,2017-11-11,04:03 AM
671,2017-11-11,04:04 AM
672,2017-09-20,02:00 PM
673,2017-10-08,04:11 PM
674,2019-11-22,07:26 PM
675,2017-11-14,02:33 PM
676,2017-09-25,06:43 AM
677,2017-09-25,06:17 PM
678,2017-10-08,04:12 PM
679,2017-09-20,05:39 PM
680,2017-11-14,11:22 AM
681,2017-11-14,02:34 PM
682,2017-10-08,04:13 PM
683,2017-10-08,04:14 PM
684,2017-10-08,04:15 PM
685,2017-10-20,11:18 AM
686,2017-12-31,08:35 PM
687,2022-03-12,07:52 AM
688,2020-03-07,07:49 PM
689,2017-10-04,01:27 PM
690,2017-10-08,04:17 PM
691,2017-10-08,04:20 PM
692,2019-11-22,11:03 PM
693,2017-09-27,05:39 PM
694,2018-02-07,09:44 PM
695,2021-03-25,09:26 PM
696,2017-09-27,11:54 PM
697,2017-10-08,04:21 PM
698,2017-10-08,04:22 PM
699,2017-10-08,04:22 PM
700,2017-10-08,04:23 PM
701,2017-10-08,04:23 PM
702,2017-11-08,06:37 AM
703,2017-10-08,04:25 PM
704,2017-10-04,07:25 PM
705,2017-11-09,06:10 AM
706,2017-12-31,10:43 PM
707,2018-11-27,12:32 PM
708,2017-10-08,04:26 PM
709,2019-12-15,03:09 AM
710,2017-11-10,03:06 AM
711,2017-11-18,04:14 PM
712,2017-10-08,04:27 PM
713,2018-05-05,06:42 AM
714,2017-11-18,04:16 PM
715,2017-12-10,08:08 AM
716,2017-11-21,03:14 AM
717,2017-10-10,02:15 AM
718,2022-09-05,01:26 PM
719,2017-10-11,02:55 PM
720,2017-10-11,03:04 AM
721,2017-10-11,07:03 AM
722,2017-10-11,08:32 AM
723,2017-10-13,01:33 AM
724,2017-11-22,06:45 PM
725,2018-10-27,11:01 PM
726,2017-10-12,05:32 AM
727,2017-10-13,12:14 AM
728,2019-12-15,03:12 AM
729,2017-10-19,11:05 PM
730,2017-11-05,01:41 AM
731,2018-01-31,08:45 PM
732,2018-01-31,08:47 PM
733,2019-12-15,03:21 AM
734,2017-11-23,05:16 AM
735,2018-01-23,07:36 AM
736,2017-10-16,05:55 PM
737,2017-11-23,05:22 AM
738,2017-10-17,05:20 AM
739,2017-10-18,05:16 AM
740,2017-10-18,05:46 PM
741,2018-09-27,11:39 AM
742,2017-12-21,02:21 PM
743,2017-12-21,02:49 PM
744,2018-09-27,11:41 AM
745,2017-10-19,05:51 AM
746,2017-11-28,03:38 PM
747,2021-06-19,04:22 PM
748,2017-10-20,05:10 AM
749,2017-11-28,03:40 PM
750,2017-10-24,03:57 AM
751,2017-10-25,03:46 AM
752,2018-08-13,11:55 PM
753,2019-11-22,04:07 PM
754,2017-10-26,04:58 AM
755,2017-10-27,05:31 AM
756,2017-10-28,05:42 AM
757,2017-10-28,05:42 AM
758,2017-11-29,02:35 AM
759,2018-05-04,04:54 PM
760,2018-12-15,08:26 AM
761,2019-11-22,10:29 PM
762,2018-02-08,04:06 AM
763,2017-10-28,05:42 AM
764,2019-10-23,07:15 AM
765,2018-07-10,02:58 AM
766,2017-10-31,03:47 AM
767,2018-02-13,03:24 AM
768,2018-02-08,04:23 AM
769,2017-11-01,04:34 AM
770,2017-11-01,07:33 PM
771,2018-02-13,03:29 AM
772,2017-12-29,03:31 PM
773,2018-01-14,05:17 AM
774,2017-12-21,02:39 AM
775,2018-02-08,04:48 AM
776,2017-11-02,06:03 PM
777,2019-12-15,01:05 AM
778,2019-12-15,01:07 AM
779,2018-06-13,09:32 PM
780,2017-11-03,04:47 AM
781,2017-12-23,09:59 PM
782,2017-11-04,04:07 AM
783,2017-11-07,04:46 AM
784,2017-11-08,12:49 AM
785,2017-11-08,05:27 AM
786,2017-11-09,05:03 AM
787,2017-11-09,05:11 AM
788,2017-11-09,06:03 AM
789,2017-11-09,06:04 AM
790,2017-11-10,04:57 AM
791,2017-11-11,04:36 AM
792,2017-11-14,03:56 AM
793,2017-11-14,03:57 AM
794,2017-11-14,03:58 AM
795,2017-11-15,04:58 AM
796,2017-11-16,05:31 AM
797,2018-02-14,04:30 AM
798,2017-11-17,05:50 AM
799,2018-02-13,03:59 AM
800,2017-11-18,04:00 AM
801,2017-11-21,04:55 AM
802,2017-11-22,04:23 AM
803,2017-11-23,04:48 AM
804,2018-01-23,04:32 AM
805,2018-01-23,04:34 AM
806,2018-01-23,05:23 AM
807,2018-01-24,05:35 AM
808,2018-01-25,05:51 AM
809,2018-02-13,05:49 AM
810,2018-01-26,04:29 AM
811,2018-02-13,04:08 AM
812,2018-01-30,05:32 AM
813,2018-01-31,05:39 AM
814,2019-03-14,04:14 PM
815,2018-02-01,05:38 AM
816,2018-05-01,05:54 AM
817,2018-02-02,05:30 AM
818,2018-02-03,04:01 AM
819,2018-02-06,04:45 AM
820,2018-04-06,12:51 PM
821,2018-02-07,04:07 AM
822,2018-02-08,04:13 PM
823,2018-02-09,04:41 AM
824,2018-08-29,08:26 PM
825,2018-02-10,06:34 AM
826,2018-02-13,01:53 AM
827,2018-02-13,05:19 AM
828,2018-02-13,06:03 PM
829,2018-02-14,05:16 AM
830,2018-02-15,02:20 AM
831,2018-02-15,04:21 AM
832,2018-02-16,05:52 AM
833,2019-01-30,06:14 PM
834,2019-01-30,06:20 PM
835,2018-02-17,05:39 AM
836,2018-05-12,01:40 AM
837,2018-02-20,04:27 AM
838,2018-03-07,12:25 PM
839,2019-11-13,03:30 PM
840,2018-02-21,05:17 AM
841,2018-04-10,01:46 AM
842,2018-02-22,03:49 AM
843,2018-02-23,06:14 AM
844,2018-02-22,04:33 PM
845,2018-02-23,06:16 AM
846,2018-02-23,06:15 AM
847,2018-02-23,04:44 AM
848,2018-02-23,06:17 AM
849,2019-11-22,11:23 PM
850,2018-02-23,06:18 AM
851,2022-06-29,01:13 AM
852,2018-02-24,06:19 PM
853,2021-10-11,12:51 AM
854,2019-11-13,01:42 PM
855,2018-02-27,06:08 AM
856,2018-02-28,04:52 AM
857,2018-03-01,02:21 AM
858,2018-03-01,05:23 AM
859,2018-03-01,07:01 AM
860,2018-03-22,05:23 PM
861,2018-03-22,05:35 PM
862,2018-04-17,04:09 AM
863,2019-12-07,09:37 PM
864,2019-12-07,09:37 PM
865,2018-04-18,03:26 AM
866,2018-04-20,03:42 AM
867,2019-11-26,03:10 AM
868,2019-11-26,03:12 AM
869,2018-04-20,03:49 AM
870,2018-04-23,05:17 AM
871,2018-04-24,04:30 AM
872,2022-06-26,09:05 PM
873,2019-04-20,05:09 PM
874,2021-10-11,12:58 AM
875,2018-04-25,04:41 AM
876,2018-04-26,12:16 AM
877,2018-04-26,04:59 AM
878,2022-11-10,05:23 PM
879,2018-04-27,05:13 AM
880,2018-04-28,03:54 AM
881,2018-05-01,12:16 AM
882,2018-05-01,04:00 AM
883,2018-05-01,01:32 AM
884,2018-05-01,04:00 AM
885,2018-05-02,04:10 AM
886,2018-05-03,06:30 AM
887,2018-05-04,05:17 AM
888,2018-05-04,11:13 PM
889,2018-05-04,11:38 PM
890,2018-05-05,04:12 AM
891,2018-07-23,04:03 AM
892,2018-05-08,04:18 AM
893,2018-05-20,01:49 AM
894,2019-06-17,08:12 PM
895,2018-05-09,05:06 AM
896,2018-05-11,04:29 AM
897,2018-05-11,04:44 AM
898,2018-05-12,05:06 AM
899,2018-05-15,05:01 AM
900,2018-05-16,05:36 AM
901,2018-05-17,04:14 AM
902,2018-05-16,11:28 PM
903,2018-05-17,04:24 AM
904,2018-05-18,12:40 AM
905,2018-05-18,03:26 AM
906,2018-05-19,02:25 AM
907,2018-05-19,03:13 AM
908,2018-05-22,02:59 AM
909,2018-05-22,03:16 AM
910,2018-05-22,03:01 AM
911,2018-05-23,12:29 AM
912,2018-05-23,04:14 AM
913,2018-05-24,12:21 AM
914,2018-05-24,03:16 AM
915,2018-06-08,05:52 AM
916,2018-08-25,09:46 PM
917,2018-09-09,08:08 PM
918,2018-06-11,04:45 PM
919,2018-06-11,08:34 PM
920,2018-06-18,02:32 AM
921,2018-06-18,04:48 AM
922,2018-06-25,04:27 AM
923,2018-06-30,02:43 AM
924,2018-07-09,02:35 PM
925,2018-07-31,07:14 PM
926,2018-07-16,05:10 AM
927,2018-07-23,04:57 AM
928,2018-08-06,11:51 PM
929,2018-08-13,05:43 AM
930,2018-08-27,02:33 PM
931,2018-09-11,11:30 PM
932,2018-09-11,11:31 PM
933,2018-09-15,08:33 AM
934,2018-09-15,09:14 AM
935,2018-09-15,09:17 AM
936,2019-01-01,12:54 AM
937,2018-09-14,01:33 AM
938,2018-09-14,09:49 AM
939,2018-09-15,09:35 AM
940,2018-09-14,11:44 PM
941,2018-09-15,10:04 AM
942,2018-09-18,05:51 AM
943,2018-09-24,01:36 AM
944,2018-09-24,01:53 AM
945,2018-09-24,02:06 AM
946,2018-09-24,02:27 AM
947,2019-09-07,11:17 PM
948,2018-09-24,02:28 AM
949,2018-09-24,04:07 AM
950,2019-06-13,04:28 AM
951,2018-09-29,06:42 PM
952,2018-09-29,06:50 PM
953,2018-09-27,12:20 AM
954,2018-09-27,12:08 PM
955,2018-09-29,07:03 PM
956,2018-09-29,07:03 PM
957,2018-09-29,07:17 PM
958,2018-10-06,04:14 AM
959,2018-10-06,04:20 AM
960,2018-10-06,04:27 AM
961,2018-10-06,04:34 AM
962,2022-12-19,04:10 AM
963,2018-10-09,12:22 AM
964,2018-10-13,10:29 PM
965,2018-10-10,02:29 AM
966,2018-10-13,10:32 PM
967,2018-10-13,10:52 PM
968,2018-10-14,12:07 AM
969,2018-10-20,04:51 AM
970,2018-10-20,04:52 AM
971,2018-10-20,05:02 AM
972,2019-11-22,05:47 PM
973,2019-11-22,05:48 PM
974,2019-11-22,06:13 PM
975,2020-03-31,05:51 PM
976,2018-10-20,03:09 PM
977,2018-10-20,04:56 AM
978,2018-10-20,05:05 AM
979,2018-10-20,04:58 AM
980,2020-09-09,03:03 PM
981,2020-09-09,03:04 PM
982,2020-09-09,03:05 PM
983,2018-10-27,04:19 AM
984,2018-10-27,04:29 AM
985,2018-10-27,04:39 AM
986,2018-10-26,12:30 AM
987,2018-10-27,04:50 AM
988,2018-10-27,05:00 AM
989,2018-11-03,04:00 AM
990,2018-11-03,04:14 AM
991,2018-11-03,04:40 AM
992,2018-11-03,04:41 AM
993,2018-11-03,05:09 AM
994,2018-11-03,05:32 AM
995,2018-11-06,12:08 AM
996,2018-11-06,05:32 AM
997,2018-11-07,05:18 AM
998,2018-11-08,06:06 AM
999,2018-11-10,03:39 AM
1000,2018-11-10,03:35 AM
1001,2018-11-10,04:53 AM
1002,2018-11-13,01:17 AM
1003,2018-11-13,04:15 AM
1004,2018-11-14,04:55 AM
1005,2019-06-28,03:25 AM
1006,2018-11-15,06:07 AM
1007,2018-11-16,04:20 AM
1008,2018-11-16,08:42 PM
1009,2018-11-17,12:37 AM
1010,2018-11-17,01:14 AM
1011,2018-11-17,04:23 AM
1012,2018-11-20,04:20 AM
1013,2018-11-21,05:04 AM
1014,2018-12-22,07:45 AM
1015,2018-11-22,01:34 AM
1016,2018-11-22,04:41 AM
1017,2018-11-22,06:25 PM
1018,2019-01-22,04:06 AM
1019,2019-01-23,12:25 AM
1020,2019-01-23,05:54 AM
1021,2019-01-25,06:29 AM
1022,2019-01-25,06:31 AM
1023,2019-01-25,03:51 PM
1024,2019-01-29,04:14 AM
1025,2020-03-31,05:57 PM
1026,2021-10-25,02:06 PM
1027,2019-01-30,04:06 AM
1028,2019-01-31,02:34 AM
1029,2019-01-31,07:03 AM
1030,2019-02-01,02:10 AM
1031,2019-02-01,05:22 AM
1032,2019-02-01,05:41 AM
1033,2019-02-02,02:56 AM
1034,2019-02-02,03:03 AM
1035,2019-02-02,05:17 AM
1036,2019-02-05,04:34 AM
1037,2019-02-05,06:30 AM
1038,2019-02-05,06:31 AM
1039,2019-02-06,06:57 AM
1040,2019-02-08,11:17 PM
1041,2019-02-07,01:56 AM
1042,2019-02-07,06:48 AM
1043,2019-02-08,04:39 AM
1044,2019-02-09,05:26 AM
1045,2019-02-16,03:20 AM
1046,2019-02-16,03:32 AM
1047,2019-02-14,02:31 AM
1048,2019-02-16,04:09 AM
1049,2019-02-16,04:45 AM
1050,2019-02-16,04:46 AM
1051,2019-02-16,05:17 AM
1052,2019-02-16,05:33 AM
1053,2019-02-19,01:38 AM
1054,2019-02-20,01:40 AM
1055,2019-02-20,05:56 AM
1056,2019-02-21,07:05 AM
1057,2020-03-30,04:31 AM
1058,2020-03-30,04:34 AM
1059,2019-02-23,05:25 AM
1060,2019-02-23,02:36 AM
1061,2019-02-23,05:37 AM
1062,2019-02-26,12:11 AM
1063,2019-02-26,05:16 AM
1064,2019-02-26,04:12 AM
1065,2019-02-27,05:46 AM
1066,2020-03-30,03:06 PM
1067,2019-02-26,05:50 AM
1068,2019-11-22,04:14 PM
1069,2019-02-27,02:42 AM
1070,2019-02-28,01:10 AM
1071,2019-02-28,07:53 AM
1072,2019-03-09,06:10 PM
1073,2019-04-02,06:25 AM
1074,2019-04-02,06:25 AM
1075,2019-04-20,08:46 AM
1076,2019-07-07,05:48 PM
1077,2019-04-20,08:57 AM
1078,2019-04-20,09:10 AM
1079,2019-04-20,09:15 AM
1080,2019-04-22,11:42 PM
1081,2019-04-23,03:41 AM
1082,2019-04-23,03:40 AM
1083,2019-04-23,04:32 AM
1084,2019-04-23,04:44 AM
1085,2019-04-23,12:19 PM
1086,2019-04-27,05:24 AM
1087,2020-03-30,03:09 PM
1088,2019-04-27,04:43 AM
1089,2019-04-27,04:51 AM
1090,2019-04-27,05:34 AM
1091,2019-04-27,06:05 AM
1092,2019-05-04,07:40 AM
1093,2019-07-07,06:46 AM
1094,2019-10-18,01:20 PM
1095,2019-10-18,02:12 PM
1096,2019-05-04,08:16 AM
1097,2019-05-04,04:45 PM
1098,2019-05-04,05:18 PM
1099,2019-05-31,02:38 PM
1100,2019-05-04,06:22 PM
1101,2019-05-11,06:46 PM
1102,2019-05-11,07:18 PM
1103,2019-05-13,03:13 AM
1104,2020-01-03,07:51 PM
1105,2019-05-11,07:51 PM
1106,2019-05-11,08:26 PM
1107,2019-05-10,11:11 PM
1108,2019-05-11,09:05 PM
1109,2019-05-14,03:45 AM
1110,2019-05-31,02:46 PM
1111,2019-05-14,06:03 PM
1112,2020-03-31,06:00 PM
1113,2020-03-31,06:02 PM
1114,2019-05-15,01:18 AM
1115,2019-05-15,06:20 AM
1116,2019-05-16,07:02 AM
1117,2019-05-31,03:18 PM
1118,2019-05-17,06:22 PM
1119,2019-05-18,04:25 AM
1120,2019-05-21,12:32 AM
1121,2019-05-22,12:58 AM
1122,2019-05-22,04:19 AM
1123,2019-08-24,11:58 PM
1124,2019-05-23,01:13 AM
1125,2019-05-23,04:11 AM
1126,2019-09-16,06:59 AM
1127,2019-07-01,05:03 AM
1128,2019-07-08,04:18 AM
1129,2019-07-08,02:35 PM
1130,2019-07-15,04:48 AM
1131,2019-07-22,05:42 AM
1132,2019-07-22,05:53 AM
1133,2019-07-22,06:52 AM
1134,2019-07-29,07:51 AM
1135,2019-08-19,05:35 AM
1136,2019-08-26,05:29 AM
1137,2019-09-16,05:54 AM
1138,2019-09-16,07:37 PM
1139,2019-09-17,02:27 AM
1140,2019-09-22,05:33 AM
1141,2019-12-01,02:37 AM
1142,2019-12-01,03:49 AM
1143,2019-09-22,06:11 AM
1144,2019-11-01,06:44 PM
1145,2019-09-22,06:52 AM
1146,2019-09-23,06:56 AM
1147,2019-09-22,07:31 AM
1148,2019-09-22,08:19 AM
1149,2019-12-29,08:13 AM
1150,2019-09-29,08:01 AM
1151,2019-09-29,08:11 AM
1152,2019-09-29,08:24 AM
1153,2019-11-27,05:54 PM
1154,2019-09-29,08:34 AM
1155,2019-09-29,08:48 AM
1156,2019-09-30,05:07 AM
1157,2019-09-30,06:28 AM
1158,2019-09-30,06:28 AM
1159,2019-10-01,12:38 AM
1160,2019-10-04,06:15 AM
1161,2019-10-04,06:26 AM
1162,2019-12-30,07:05 AM
1163,2019-10-04,12:30 AM
1164,2019-10-04,06:39 AM
1165,2019-10-17,12:37 AM
1166,2020-03-31,03:30 AM
1167,2019-10-17,01:11 AM
1168,2019-10-17,01:21 AM
1169,2019-10-17,01:33 AM
1170,2019-10-20,03:00 AM
1171,2020-03-11,09:45 PM
1172,2019-10-20,03:06 AM
1173,2019-10-20,03:10 AM
1174,2019-10-20,03:16 AM
1175,2019-10-22,01:09 AM
1176,2019-10-25,07:15 AM
1177,2019-10-23,01:31 PM
1178,2019-10-25,07:26 AM
1179,2019-10-24,01:50 AM
1180,2019-10-25,07:42 AM
1181,2019-10-24,09:51 AM
1182,2019-10-24,09:54 AM
1183,2019-10-25,08:13 AM
1184,2019-10-25,11:40 AM
1185,2019-11-01,03:12 PM
1186,2019-11-01,03:13 PM
1187,2019-11-01,03:17 PM
1188,2019-11-03,04:17 AM
1189,2019-11-01,03:07 PM
1190,2019-11-01,03:15 PM
1191,2019-11-03,04:29 AM
1192,2019-11-03,04:42 AM
1193,2019-11-03,04:53 AM
1194,2020-01-27,02:42 AM
1195,2019-11-03,05:06 AM
1196,2019-11-10,01:49 AM
1197,2019-11-06,02:19 PM
1198,2019-11-10,02:01 AM
1199,2019-11-07,03:04 AM
1200,2019-11-07,03:13 AM
1201,2019-11-07,04:40 PM
1202,2019-11-10,02:01 AM
1203,2019-11-10,02:15 AM
1204,2019-11-22,04:20 PM
1205,2019-11-08,10:25 PM
1206,2019-11-10,02:26 AM
1207,2019-11-10,02:38 AM
1208,2019-11-10,12:14 PM
1209,2019-11-15,08:14 AM
1210,2019-11-13,02:36 AM
1211,2019-11-13,01:21 PM
1212,2019-11-15,08:24 AM
1213,2019-11-14,02:01 AM
1214,2019-11-14,02:02 AM
1215,2019-11-15,08:35 AM
1216,2019-11-15,08:36 AM
1217,2019-11-25,01:44 AM
1218,2019-11-25,01:45 AM
1219,2020-03-28,12:50 PM
1220,2019-11-15,08:46 AM
1221,2020-03-28,12:53 PM
1222,2019-12-22,09:49 PM
1223,2020-03-28,12:59 PM
1224,2019-11-23,07:46 PM
1225,2019-11-23,07:49 PM
1226,2019-11-23,08:00 PM
1227,2019-11-22,05:28 AM
1228,2019-11-23,08:52 PM
1229,2019-11-24,02:11 AM
1230,2019-11-24,02:12 AM
1231,2019-11-25,01:47 AM
1232,2019-11-25,01:53 AM
1233,2019-11-23,09:40 PM
1234,2019-11-26,03:02 AM
1235,2019-11-26,05:28 AM
1236,2019-11-27,06:37 PM
1237,2019-11-28,01:39 AM
1238,2019-11-28,02:02 AM
1239,2019-11-28,04:27 AM
1240,2019-11-28,10:46 AM
1241,2019-11-28,11:15 PM
1242,2020-01-21,05:10 AM
1243,2020-01-21,02:33 PM
1244,2020-01-21,02:34 PM
1245,2020-03-31,06:07 PM
1246,2020-01-22,07:47 AM
1247,2020-01-23,02:10 AM
1248,2020-01-23,05:04 AM
1249,2020-01-23,05:04 AM
1250,2020-01-24,08:17 AM
1251,2020-01-24,08:18 AM
1252,2020-01-24,04:47 AM
1253,2020-01-24,01:00 PM
1254,2020-02-01,06:08 AM
1255,2020-02-01,06:08 AM
1256,2020-01-30,01:00 AM
1257,2020-02-01,06:09 AM
1258,2020-02-01,06:10 AM
1259,2020-02-01,06:10 AM
1260,2020-02-04,03:50 AM
1261,2022-06-28,01:58 PM
1262,2020-02-08,03:27 AM
1263,2020-02-06,03:55 AM
1264,2020-02-08,03:40 AM
1265,2020-02-08,03:50 AM
1266,2022-12-31,12:41 AM
1267,2020-02-08,04:02 AM
1268,2022-07-12,01:16 PM
1269,2020-02-11,12:21 AM
1270,2020-02-14,08:12 PM
1271,2020-02-14,08:13 PM
1272,2020-02-14,08:23 PM
1273,2020-03-23,06:26 AM
1274,2020-03-23,06:27 AM
1275,2020-02-13,01:02 AM
1276,2020-02-13,12:17 PM
1277,2020-02-14,08:37 PM
1278,2020-02-14,10:56 PM
1279,2020-02-15,04:37 AM
1280,2020-02-18,11:54 PM
1281,2020-02-19,12:44 AM
1282,2020-02-19,04:44 AM
1283,2020-02-19,12:44 AM
1284,2020-02-19,04:04 AM
1285,2020-02-23,05:04 AM
1286,2020-02-19,04:21 AM
1287,2020-02-23,05:15 AM
1288,2020-02-23,05:26 AM
1289,2020-02-21,03:27 AM
1290,2020-02-23,05:44 AM
1291,2020-02-23,05:44 AM
1292,2020-02-22,06:20 PM
1293,2020-02-23,05:55 AM
1294,2020-03-23,11:25 PM
1295,2020-02-25,03:22 AM
1296,2020-02-25,06:56 PM
1297,2020-03-23,11:33 PM
1298,2020-03-23,11:35 PM
1299,2020-02-27,05:44 AM
1300,2020-03-10,11:54 AM
1301,2020-03-10,11:55 AM
1302,2020-02-27,01:16 AM
1303,2020-02-27,06:33 AM
1304,2020-03-10,11:52 AM
1305,2020-03-23,09:36 PM
1306,2020-04-17,07:08 PM
1307,2020-04-17,07:09 PM
1308,2020-04-17,12:32 AM
1309,2020-04-17,04:04 AM
1310,2020-04-17,04:50 AM
1311,2020-10-23,10:21 PM
1312,2020-04-17,07:30 PM
1313,2020-04-20,11:36 AM
1314,2020-04-21,08:07 PM
1315,2020-04-21,11:33 PM
1316,2020-04-22,12:33 AM
1317,2020-04-22,12:42 AM
1318,2020-04-25,08:16 AM
1319,2020-04-25,08:49 AM
1320,2020-04-25,08:49 AM
1321,2021-05-05,10:44 PM
1322,2021-05-18,07:53 PM
1323,2020-04-25,03:50 AM
1324,2020-04-25,08:50 AM
1325,2020-05-02,05:11 AM
1326,2020-05-02,05:21 AM
1327,2020-05-03,12:12 AM
1328,2020-05-05,03:44 AM
1329,2020-05-06,04:43 AM
1330,2020-05-06,11:45 PM
1331,2020-05-12,03:46 AM
1332,2020-05-13,04:24 AM
1333,2020-05-19,03:11 AM
1334,2020-05-20,04:19 AM
1335,2020-05-21,03:27 AM
1336,2020-05-21,06:19 AM
1337,2020-05-21,06:24 AM
1338,2020-06-01,04:11 AM
1339,2020-06-03,04:18 PM
1340,2020-06-08,04:22 AM
1341,2020-06-15,02:59 AM
1342,2020-06-15,03:00 AM
1343,2020-06-15,07:38 AM
1344,2021-06-21,03:28 AM
1345,2020-06-29,05:25 PM
1346,2020-07-13,04:24 AM
1347,2020-09-21,04:14 AM
1348,2020-09-25,04:57 AM
1349,2020-09-25,03:35 PM
1350,2020-10-03,05:53 AM
1351,2020-10-09,11:25 PM
1352,2020-10-07,01:46 AM
1353,2020-10-09,11:25 PM
1354,2020-10-09,11:26 PM
1355,2020-10-09,11:27 PM
1356,2020-10-09,03:14 PM
1357,2020-10-16,03:43 AM
1358,2020-10-16,03:52 AM
1359,2020-10-14,07:07 PM
1360,2020-10-14,08:24 PM
1361,2020-10-16,03:57 AM
1362,2020-10-16,04:01 AM
1363,2020-10-22,04:25 AM
1364,2020-10-22,04:30 AM
1365,2020-10-22,11:33 PM
1366,2020-10-23,02:22 AM
1367,2020-10-24,04:58 AM
1368,2020-10-24,05:23 AM
1369,2020-10-24,05:22 AM
1370,2021-03-31,02:27 PM
1371,2020-10-31,06:04 AM
1372,2020-10-31,06:33 AM
1373,2020-10-31,06:43 AM
1374,2020-10-31,06:55 AM
1375,2020-10-30,04:50 AM
1376,2020-10-31,07:09 AM
1377,2022-07-09,06:32 PM
1378,2022-07-10,03:02 AM
1379,2022-07-10,03:05 AM
1380,2022-10-18,01:22 AM
1381,2020-11-14,04:07 AM
1382,2020-11-14,04:21 AM
1383,2020-11-14,05:19 AM
1384,2020-11-13,01:04 AM
1385,2020-11-14,05:38 AM
1386,2020-11-18,07:40 PM
1387,2020-11-18,07:41 PM
1388,2020-11-14,03:36 AM
1389,2020-11-14,06:43 AM
1390,2020-11-21,04:53 AM
1391,2020-11-21,05:27 AM
1392,2020-11-21,06:03 AM
1393,2020-11-21,06:37 AM
1394,2020-11-21,07:09 AM
1395,2020-11-24,02:09 AM
1396,2020-11-24,04:52 PM
1397,2020-11-24,05:09 AM
1398,2020-12-07,07:21 AM
1399,2020-11-25,06:53 AM
1400,2020-11-26,05:41 AM
1401,2020-12-18,04:33 AM
1402,2021-01-30,02:35 AM
1403,2021-01-30,03:04 AM
1404,2021-01-30,03:34 AM
1405,2021-01-30,04:00 AM
1406,2021-01-30,04:39 AM
1407,2021-02-05,09:02 PM
1408,2021-02-05,09:32 PM
1409,2021-02-05,10:04 PM
1410,2021-02-05,10:34 PM
1411,2021-02-06,12:19 AM
1412,2021-02-06,04:12 AM
1413,2021-02-13,05:06 AM
1414,2021-02-13,05:15 AM
1415,2021-02-11,12:22 AM
1416,2021-02-13,05:29 AM
1417,2021-02-13,05:43 AM
1418,2021-02-13,06:00 AM
1419,2021-02-16,04:30 AM
1420,2021-02-20,02:10 AM
1421,2021-02-20,02:42 AM
1422,2021-02-19,05:27 AM
1423,2021-02-20,03:12 AM
1424,2021-02-20,04:06 AM
1425,2021-02-23,06:11 AM
1426,2021-02-25,01:24 AM
1427,2022-07-27,07:42 PM
1428,2022-06-28,03:04 AM
1429,2022-06-28,03:17 AM
1430,2021-02-26,05:05 AM
1431,2022-06-28,03:33 AM
1432,2022-06-28,05:40 AM
1433,2021-03-02,12:49 AM
1434,2021-03-02,04:19 AM
1435,2021-03-03,05:27 AM
1436,2021-03-04,04:39 AM
1437,2021-04-24,03:02 AM
1438,2021-04-20,11:44 PM
1439,2021-04-24,03:26 AM
1440,2021-05-05,02:28 AM
1441,2021-04-24,03:31 AM
1442,2021-04-24,03:57 AM
1443,2021-04-24,04:23 AM
1444,2021-04-24,04:57 AM
1445,2021-04-27,05:37 AM
1446,2021-04-27,11:52 PM
1447,2021-05-01,03:40 AM
1448,2021-05-01,04:15 AM
1449,2021-04-30,01:05 AM
1450,2021-05-01,04:48 AM
1451,2021-05-01,05:25 AM
1452,2021-05-03,11:48 PM
1453,2021-05-04,02:28 AM
1454,2021-05-08,05:41 AM
1455,2021-05-08,05:54 AM
1456,2021-05-19,06:41 AM
1457,2021-05-05,11:30 PM
1458,2021-05-08,06:10 AM
1459,2021-05-07,02:33 AM
1460,2021-05-08,06:21 AM
1461,2021-05-10,11:24 PM
1462,2021-05-10,11:28 PM
1463,2021-05-11,04:29 AM
1464,2021-05-15,01:49 AM
1465,2021-05-15,03:25 AM
1466,2021-05-15,03:26 AM
1467,2021-06-16,04:02 PM
1468,2021-05-15,03:54 AM
1469,2021-05-15,04:06 AM
1470,2021-05-21,10:50 PM
1471,2021-05-21,11:01 PM
1472,2021-05-21,11:12 PM
1473,2021-05-21,12:06 AM
1474,2021-05-22,03:19 AM
1475,2021-05-22,03:48 AM
1476,2021-05-27,05:24 AM
1477,2021-05-27,05:33 AM
1478,2021-08-12,08:42 PM
1479,2021-08-13,12:22 AM
1480,2021-05-27,12:11 AM
1481,2021-05-27,05:46 AM
1482,2021-05-30,03:50 PM
1483,2021-06-07,02:32 AM
1484,2021-06-07,05:13 AM
1485,2021-06-14,04:48 AM
1486,2021-06-14,04:58 AM
1487,2021-06-21,05:13 AM
1488,2021-06-28,04:58 AM
1489,2021-07-19,03:28 PM
1490,2021-07-26,05:43 AM
1491,2021-08-16,02:47 AM
1492,2021-08-16,03:18 AM
1493,2021-08-16,05:27 AM
1494,2021-08-17,03:32 AM
1495,2021-08-23,05:13 AM
1496,2021-08-30,05:28 AM
1497,2021-09-13,02:27 AM
1498,2021-09-13,07:03 AM
1499,2021-09-13,07:03 AM
1500,2021-09-20,05:57 AM
1501,2021-10-02,01:05 AM
1502,2021-09-29,10:27 PM
1503,2021-10-02,01:10 AM
1504,2021-10-02,01:13 AM
1505,2021-10-02,01:18 AM
1506,2021-10-02,01:18 AM
1507,2021-10-02,04:03 AM
1508,2021-10-09,06:12 AM
1509,2021-10-06,01:10 AM
1510,2021-10-09,06:17 AM
1511,2021-10-09,06:27 AM
1512,2021-10-09,06:33 AM
1513,2021-10-28,08:57 PM
1514,2021-10-09,06:42 AM
1515,2021-10-12,02:18 AM
1516,2021-10-12,02:18 AM
1517,2021-11-12,03:59 AM
1518,2021-10-12,03:41 PM
1519,2021-10-14,04:39 AM
1520,2021-11-12,04:01 AM
1521,2021-10-14,04:49 AM
1522,2021-10-14,05:01 AM
1523,2021-10-24,12:02 AM
1524,2021-10-24,12:10 AM
1525,2021-10-24,12:22 AM
1526,2021-10-22,02:58 AM
1527,2021-10-23,12:22 AM
1528,2021-10-24,12:22 AM
1529,2021-10-24,07:12 PM
1530,2021-10-24,07:12 PM
1531,2021-10-24,12:27 AM
1532,2021-10-22,11:03 PM
1533,2021-10-23,02:13 AM
1534,2021-10-24,12:38 AM
1535,2021-10-30,10:07 PM
1536,2021-10-26,10:57 PM
1537,2021-10-26,10:57 PM
1538,2021-10-27,03:34 PM
1539,2021-10-27,03:35 PM
1540,2021-10-30,10:12 PM
1541,2021-10-31,11:28 PM
1542,2021-10-28,04:30 PM
1543,2021-10-30,10:13 PM
1544,2021-10-28,06:08 PM
1545,2021-11-01,02:30 AM
1546,2021-10-30,10:18 PM
1547,2021-10-28,10:51 PM
1548,2021-10-28,11:06 PM
1549,2021-10-29,02:15 AM
1550,2021-10-29,02:13 AM
1551,2021-10-29,02:18 AM
1552,2021-10-30,10:19 PM
1553,2021-10-30,10:24 PM
1554,2021-10-29,11:10 PM
1555,2021-10-30,10:26 PM
1556,2021-11-01,10:17 PM
1557,2021-11-01,10:17 PM
1558,2021-10-30,10:31 PM
1559,2022-01-06,12:12 AM
1560,2022-01-06,12:14 AM
1561,2021-11-05,05:18 AM
1562,2021-11-05,05:28 AM
1563,2021-11-05,05:39 AM
1564,2021-11-04,11:06 PM
1565,2021-11-04,11:07 PM
1566,2021-11-04,11:08 PM
1567,2021-11-05,05:50 AM
1568,2021-11-06,04:52 AM
1569,2021-11-04,11:10 PM
1570,2021-11-04,11:58 PM
1571,2021-11-05,05:40 AM
1572,2021-11-05,05:51 AM
1573,2022-01-12,03:41 AM
1574,2021-11-06,04:57 AM
1575,2021-11-06,04:57 AM
1576,2021-11-13,10:36 PM
1577,2021-11-13,10:56 PM
1578,2021-11-13,11:08 PM
1579,2021-11-11,11:53 PM
1580,2021-11-12,01:13 AM
1581,2021-11-12,01:21 AM
1582,2021-11-12,01:23 AM
1583,2021-11-13,11:17 PM
1584,2021-11-12,02:36 AM
1585,2021-11-12,02:40 AM
1586,2021-11-13,11:17 PM
1587,2021-11-13,11:21 PM
1588,2021-11-13,11:32 PM
1589,2021-11-26,09:08 AM
1590,2021-11-15,11:59 PM
1591,2021-11-16,12:19 AM
1592,2021-11-16,12:21 AM
1593,2021-11-20,08:46 AM
1594,2021-11-20,08:58 AM
1595,2021-11-20,09:10 AM
1596,2021-11-18,11:53 PM
1597,2021-11-18,11:56 PM
1598,2022-01-13,11:20 PM
1599,2021-11-19,01:01 AM
1600,2021-11-19,03:11 AM
1601,2021-11-19,02:28 AM
1602,2021-11-20,09:17 AM
1603,2022-01-16,11:59 AM
1604,2021-11-20,09:29 AM
1605,2021-11-23,07:01 AM
1606,2021-11-24,04:36 AM
1607,2021-11-25,06:04 AM
1608,2021-11-30,05:14 AM
1609,2022-01-25,01:00 AM
1610,2022-01-29,11:41 PM
1611,2022-01-29,11:52 PM
1612,2022-01-29,11:55 PM
1613,2022-01-30,12:03 AM
1614,2022-07-03,11:08 AM
1615,2022-01-28,12:24 AM
1616,2022-01-28,06:33 AM
1617,2022-01-30,12:14 AM
1618,2022-01-30,12:19 AM
1619,2022-02-05,11:47 PM
1620,2022-02-06,12:02 AM
1621,2022-02-06,12:12 AM
1622,2022-02-06,12:23 AM
1623,2022-02-06,12:33 AM
1624,2022-02-10,07:16 AM
1625,2022-02-10,07:26 AM
1626,2022-02-10,07:37 AM
1627,2022-02-11,01:50 AM
1628,2022-02-11,04:57 AM
1629,2022-02-11,04:59 AM
1630,2022-02-11,11:57 PM
1631,2022-02-12,05:20 AM
1632,2022-02-19,10:05 PM
1633,2022-02-16,01:13 AM
1634,2022-02-19,10:18 PM
1635,2022-02-19,10:29 PM
1636,2022-02-19,10:39 PM
1637,2022-02-19,10:49 PM
1638,2022-02-27,02:26 AM
1639,2022-02-27,02:38 AM
1640,2022-02-27,02:51 AM
1641,2022-02-27,03:00 AM
1642,2022-02-27,03:10 AM
1643,2022-03-01,12:20 AM
1644,2022-03-03,04:39 AM
1645,2022-08-31,03:34 PM
1646,2022-08-31,03:34 PM
1647,2022-03-03,05:03 AM
1648,2022-04-05,12:03 AM
1649,2022-04-22,06:28 AM
1650,2022-04-23,12:55 AM
1651,2022-04-20,11:05 PM
1652,2022-04-23,01:05 AM
1653,2022-04-22,01:11 AM
1654,2022-04-22,02:47 AM
1655,2022-04-22,02:36 AM
1656,2022-04-23,01:15 AM
1657,2022-04-30,09:26 PM
1658,2022-04-30,09:36 PM
1659,2022-04-30,09:46 PM
1660,2022-04-28,11:27 PM
1661,2022-04-29,02:18 AM
1662,2022-04-30,09:58 PM
1663,2022-04-29,11:06 PM
1664,2022-04-29,11:10 PM
1665,2022-04-29,11:11 PM
1666,2022-04-30,10:09 PM
1667,2022-05-07,08:47 AM
1668,2022-05-07,08:59 AM
1669,2022-05-07,09:08 AM
1670,2022-05-07,09:16 AM
1671,2022-05-07,09:38 AM
1672,2022-05-15,07:35 PM
1673,2022-05-10,11:15 PM
1674,2022-05-15,07:45 PM
1675,2022-05-15,07:54 PM
1676,2022-05-15,08:02 PM
1677,2022-05-15,08:11 PM
1678,2022-05-22,03:52 AM
1679,2022-05-22,03:54 AM
1680,2022-05-22,03:54 AM
1681,2022-05-22,03:55 AM
1682,2022-05-20,11:13 PM
1683,2022-05-22,03:56 AM
1684,2022-05-26,04:50 AM
1685,2022-06-23,08:04 PM
1686,2022-05-26,05:00 AM
1687,2022-05-26,05:10 AM
1688,2022-05-26,03:15 PM
1689,2022-05-28,04:50 PM
1690,2022-07-11,04:25 AM
1691,2022-07-18,05:55 AM
1692,2022-07-19,05:35 AM
1693,2022-07-25,07:24 AM
1694,2022-08-01,06:45 AM
1695,2022-08-01,09:14 PM
1696,2022-08-02,06:26 AM
1697,2022-08-02,09:41 PM
1698,2022-08-10,02:25 AM
1699,2022-08-15,02:09 AM
1700,2022-08-18,04:50 AM
1701,2022-08-22,05:38 AM
1702,2022-08-25,03:22 AM
1703,2022-08-30,05:26 AM
1704,2022-09-12,01:47 AM
1705,2022-09-19,01:35 AM
1706,2022-09-20,03:45 AM
1707,2022-09-23,05:35 AM
1708,2022-09-27,12:21 AM
1709,2022-09-27,04:11 PM
1710,2022-10-01,08:48 PM
1711,2022-10-01,08:58 PM
1712,2022-10-01,09:09 PM
1713,2022-10-01,09:10 PM
1714,2022-10-01,09:22 PM
1715,2022-10-01,09:28 PM
1716,2022-10-04,07:52 AM
1717,2022-10-04,07:52 AM
1718,2022-10-07,05:21 AM
1719,2022-10-11,11:19 PM
1720,2022-10-12,07:58 PM
1721,2022-10-14,06:42 AM
1722,2022-10-07,05:25 AM
1723,2022-10-07,05:35 AM
1724,2022-10-05,11:20 PM
1725,2022-10-07,05:51 AM
1726,2022-10-07,06:03 AM
1727,2022-10-14,06:36 AM
1728,2022-10-15,01:40 AM
1729,2022-10-14,06:48 AM
1730,2022-10-14,06:59 AM
1731,2022-10-14,07:09 AM
1732,2022-10-22,06:39 AM
1733,2022-10-22,06:51 AM
1734,2022-10-22,07:05 AM
1735,2022-10-22,07:11 AM
1736,2022-10-22,07:11 AM
1737,2022-11-01,02:09 AM
1738,2022-11-01,02:10 AM
1739,2022-11-01,02:13 AM
1740,2022-10-22,07:15 AM
1741,2022-10-29,07:07 AM
1742,2022-10-29,07:17 AM
1743,2022-10-29,07:26 AM
1744,2022-10-29,07:38 AM
1745,2022-10-29,07:56 AM
1746,2022-11-18,07:50 PM
1747,2022-11-01,06:40 AM
1748,2022-11-02,04:13 AM
1749,2023-01-27,12:38 AM
1750,2022-11-03,12:25 AM
1751,2022-11-03,12:26 AM
1752,2022-11-03,04:39 AM
1753,2022-11-04,04:28 AM
1754,2022-11-05,03:04 AM
1755,2022-11-11,07:42 AM
1756,2022-11-11,07:51 AM
1757,2022-11-11,08:00 AM
1758,2022-11-11,08:09 AM
1759,2022-11-12,06:30 AM
1760,2022-11-19,09:05 AM
1761,2022-11-16,02:14 AM
1762,2022-11-19,09:20 AM
1763,2022-11-19,09:30 AM
1764,2022-11-19,09:39 AM
1765,2022-11-19,09:49 AM
1766,2022-11-24,06:36 AM
1767,2022-11-24,06:47 AM
1768,2023-01-03,01:08 AM
1769,2022-11-24,06:58 AM
1770,2023-01-24,12:40 AM
1771,2023-01-24,06:06 AM
1772,2023-01-28,07:39 AM
1773,2023-01-28,07:50 AM
1774,2023-01-28,08:02 AM
1775,2023-01-28,08:09 AM
1776,2023-01-28,12:01 AM
1777,2023-01-28,06:39 AM
1778,2023-01-28,12:02 AM
1779,2023-01-28,12:02 AM
1780,2023-01-28,08:18 AM
1781,2023-02-01,03:46 AM
1782,2023-02-02,04:21 AM
